-- MySQL dump 10.13  Distrib 5.7.26, for Linux (x86_64)
--
-- Host: localhost    Database: pmq
-- ------------------------------------------------------
-- Server version	5.7.26

/*!40101 SET @OLD_CHARACTER_SET_CLIENT=@@CHARACTER_SET_CLIENT */;
/*!40101 SET @OLD_CHARACTER_SET_RESULTS=@@CHARACTER_SET_RESULTS */;
/*!40101 SET @OLD_COLLATION_CONNECTION=@@COLLATION_CONNECTION */;
/*!40101 SET NAMES utf8 */;
/*!40103 SET @OLD_TIME_ZONE=@@TIME_ZONE */;
/*!40103 SET TIME_ZONE='+00:00' */;
/*!40014 SET @OLD_UNIQUE_CHECKS=@@UNIQUE_CHECKS, UNIQUE_CHECKS=0 */;
/*!40014 SET @OLD_FOREIGN_KEY_CHECKS=@@FOREIGN_KEY_CHECKS, FOREIGN_KEY_CHECKS=0 */;
/*!40101 SET @OLD_SQL_MODE=@@SQL_MODE, SQL_MODE='NO_AUTO_VALUE_ON_ZERO' */;
/*!40111 SET @OLD_SQL_NOTES=@@SQL_NOTES, SQL_NOTES=0 */;

--
-- Table structure for table `admin`
--

DROP TABLE IF EXISTS `admin`;
/*!40101 SET @saved_cs_client     = @@character_set_client */;
/*!40101 SET character_set_client = utf8 */;
CREATE TABLE `admin` (
  `id` int(11) NOT NULL AUTO_INCREMENT,
  `rank` char(1) DEFAULT NULL,
  `user` varchar(25) DEFAULT NULL,
  `pass` varchar(25) DEFAULT NULL,
  `name` varchar(25) DEFAULT NULL,
  `time` datetime DEFAULT CURRENT_TIMESTAMP,
  `tele` varchar(25) DEFAULT NULL,
  PRIMARY KEY (`id`)
) ENGINE=InnoDB AUTO_INCREMENT=15 DEFAULT CHARSET=utf8;
/*!40101 SET character_set_client = @saved_cs_client */;

--
-- Dumping data for table `admin`
--

LOCK TABLES `admin` WRITE;
/*!40000 ALTER TABLE `admin` DISABLE KEYS */;
INSERT INTO `admin` VALUES (10,'1','gary','gary','xsg','2018-10-27 02:00:09','123'),(13,'1','lynsey','123456','王凌霄','2018-10-27 02:38:45',NULL),(14,'1','Hu','123456','Hu','2018-10-28 19:48:58',NULL);
/*!40000 ALTER TABLE `admin` ENABLE KEYS */;
UNLOCK TABLES;

--
-- Table structure for table `evaluation`
--

DROP TABLE IF EXISTS `evaluation`;
/*!40101 SET @saved_cs_client     = @@character_set_client */;
/*!40101 SET character_set_client = utf8 */;
CREATE TABLE `evaluation` (
  `id` int(11) NOT NULL AUTO_INCREMENT,
  `code` varchar(25) DEFAULT NULL,
  `index_id` int(11) DEFAULT NULL,
  `eva_a` varchar(500) DEFAULT NULL,
  `mini_a` int(11) DEFAULT '0',
  `eva_b` varchar(500) DEFAULT NULL,
  `mini_b` int(11) DEFAULT '0',
  `eva_c` varchar(500) DEFAULT NULL,
  `mini_c` int(11) DEFAULT '0',
  `eva_d` varchar(500) DEFAULT NULL,
  `mini_d` int(11) DEFAULT '0',
  `eva_e` varchar(500) DEFAULT NULL,
  `mini_e` int(11) DEFAULT '0',
  `eva_f` varchar(500) DEFAULT NULL,
  `mini_f` int(11) DEFAULT '0',
  `post` varchar(25) DEFAULT NULL,
  `title` varchar(25) DEFAULT NULL,
  `multi_index` varchar(255) DEFAULT NULL,
  `flag` int(11) DEFAULT '0' COMMENT '0表示暂停使用,1表示使用，默认值为0',
  PRIMARY KEY (`id`)
) ENGINE=InnoDB AUTO_INCREMENT=108 DEFAULT CHARSET=utf8;
/*!40101 SET character_set_client = @saved_cs_client */;

--
-- Dumping data for table `evaluation`
--

LOCK TABLES `evaluation` WRITE;
/*!40000 ALTER TABLE `evaluation` DISABLE KEYS */;
INSERT INTO `evaluation` VALUES (93,NULL,NULL,'具备多个不同职能领域的理论知识和技术能力，并拥有整合不同职能领域内重要信息的能力\r\n具备对整个组织相关业务的丰富理论和实践经验\r\n在“通晓”的基础上，探索未来业务环节或职能领域的趋势或发展方向',95,'具备某一职能领域内的多个业务环节、或部门内多个专业的广博的知识\r\n理解多个业务环节、专业之间的联系与差异，融会贯通\r\n在熟悉所需的知识技能的基础上，理解工作流程或运营模式的原理与逻辑，以满足具有创新性、开拓性的工作的要求',80,'具备完成某一业务环节的专业理论知识与技能\r\n简单了解其他相关业务环节、专业的流程与要求\r\n理解、领悟、熟知该业务或流程所需的知识与技能，以满足具有不确定性、需要举一反三的工作的要求',60,'具备基本读、写及简单的运算等能力\r\n具有操作、使用通过日常学习即可掌握的技能\r\n掌握基本的、必要的知识与技能，以满足重复性、无变化的工作的要求',0,'',0,'',0,'项目经理','专业深度&专业广度','150',1),(94,NULL,NULL,'具有十分丰富的建筑工程行业经验',101,'具有较为丰富的建筑工程行业经验',76,'具有一定的建筑工程行业经验',51,'具有较少的建筑工程行业经验',26,'具有很少的建筑工程行业经验',0,'',0,'项目经理','行业工作经验','136',1),(95,NULL,NULL,'具有十分丰富的团队领导经验',101,'具有较为丰富的团队领导经验',76,'具有一定的团队领导经验',51,'具有较少的团队领导经验',26,'具有很少的团队领导经验',0,'',0,'项目经理','团队领导经验','137',1),(96,NULL,NULL,'能够不断寻找新的学习机会，掌握新的专业知识和技能，从而提高自己的综合能力；\r\n能够从突发或偶发事件中总结经验教训并为我所用；\r\n能够在组织内充当新技术、新知识的倡导者与传教士的角色',52,'能够主动展示与专业领域相关的知识，并能利用这些相关专业知识提升业务问题；\r\n能够利用自己的知识促进其他项目的进展，以提高其他项目团队的工作效率；\r\n能够吸收利用他人的经验和做法，用于解决自己所遇到的问题',32,'在本专业领域展示基本的专业知识，使这些知识有效地用于实践；\r\n能够积极主动地了解专业领域的最新发展情况并思考怎样运用；\r\n能够运用专业知识和经验解决问题、帮助他人，有时能促进项目进度或改善当前局面',12,'在本专业领域展示最基本的专业知识\r\n大致了解专业领域的发展情况\r\n基本能够运用专业知识和经验解决问题',0,'',0,'',0,'项目经理','主动学习','138',1),(97,NULL,NULL,'解决高度复杂，具有挑战性的问题，问题一般会产生深远影响和/或结果\r\n需要彻底广泛地分析，以理解复杂的问题及其相互关系',46,'问题的类型多样且彼此不同，但相互关联，或者问题的本质需要进一步的说明和定义\r\n大部分问题要求复杂的分析和问题解决技巧，以确定并定义其产生原因',32,'问题的类型多样化，但较为相似，或者问题的本质可能需要通过简单的分析来进行说明和定义\r\n能够把握工作过程中易产生问题的环节，并有一定的问题发现技巧，能够根据现象探求解决问题的途径，并找到答案',16,'问题的类型较为单一，并具有很大的重复性，或者问题的本质已经被清晰的定义，属于显而易见的问题\r\n能够初步判断并简单处理工作方面的问题',0,'',0,'',0,'项目经理','问题发现与解决问题','139',1),(98,NULL,NULL,'准备和实施长期和短期的项目计划\r\n收集实施信息，设定管理机制，有条理性地执行决策方案\r\n高效地组织管理内外部各种影响因素/力量，使用新的管理技术，帮助改进各项重要工作的效果和效率',60,'制订可行的工作计划，做好项目人员和工作任务安排\r\n对项目人、财、物等各类资源进行了合理配置，能协调为达到目标而同时进行各项活动，有效平衡工作的质量、成本和时间',40,'熟悉项目情况并进行深入分析，明确工作计划和工作目标\r\n对项目人、财、物等各类资源进行了配置，并分配和协调工作任务',20,'能够对项目情况进行初步分析，制订的工作计划和工作目标不明确\r\n对项目人、财、物等各类资源的配置及工作任务分配不尽合理',0,'',0,'',0,'项目经理','策划与组织','140',1),(99,NULL,NULL,'针对不同听众能采用不同的表达方式，从而以取得一致性结论\r\n善于说服他人，能有效化解矛盾和抱怨\r\n能拓展并保持广泛的人际网络，能够平衡组织内外部各种关系，确保组织既定目标的完成\r\n能够将自己在协调内部关系过程中的技巧、经验与他人共享',48,'与他人沟通时语言清晰、简洁、客观，且切中要害\r\n尊重他人，能在倾听别人的意见、观点的同时给予适时的反馈\r\n熟练掌握专业词汇，能够阅读、理解与专业相关的各种资讯\r\n在处理组织内外部矛盾过程中，能够获得大多数人的拥护与支持',32,'能够以开放、真诚的方式接受和传递信息\r\n了解交流的重点，能通过书面或口头的形式、用清楚地的理由和事实表达主要观点\r\n在沟通中，能够理解、使用相关的专业词汇\r\n对组织内外部人员可能产生的不和谐因素有一定的了解',12,'不善于抓住谈话的中心议题\r\n自己的观点表达不够简洁、清晰\r\n以自我为中心，缺乏对他人应有的尊重',0,'',0,'',0,'项目经理','沟通与协调','141',1),(100,NULL,NULL,'对项目可能存在的质量、安全、投资风险具有非常高的敏感性\r\n做事严谨细致，能够全面预见各类因素可能产生的风险和后果\r\n能够提出有效预防风险的措施和应对方案，并能够非常有效地规避较高风险',42,'持续性地跟踪工作进展，及时修正工作计划 \r\n对项目可能存在的质量、安全、投资风险具有较高的敏感性\r\n能较全面地预见到各类因素可能产生的风险和后果\r\n能够提出预防风险的措施和应对方案，并能够规避一般风险',32,'建立行动计划，缩小实际和计划的差距\r\n对项目可能存在的质量、安全、投资风险的敏感性一般\r\n能够初步预见到各类因素可能产生的风险和后果',12,'对项目可能存在的质量、安全、投资风险缺乏防范意识\r\n不能够预见到各类因素可能产生的风险和后果',0,'',0,'',0,'项目经理','把控能力','142',1),(101,NULL,NULL,'能够以企业利益为重，必要时会牺牲个人利益\r\n能够积极监督或引导同事遵守企业的各项管理制度，且效果显著',32,'能够以诚实、善良的心态行使权利、履行义务，并坚守对企业的承诺\r\n能够自觉遵守企业的各项管理制度\r\n能够主动制止同事违反企业管理制度的行为',22,'基本能够以诚实、善良的心态行使权利、履行义务，能信守承诺\r\n能够基本遵守企业的各项管理制度',12,'一般能够以诚实、善良的心态行使权利、履行义务，基本能信守承诺，但有时会发生欺瞒企业的行为\r\n偶有违反企业各项管理制度地情况，经指正后虽有所改善，但不能根除',0,'',0,'',0,'项目经理','正直诚信','正直诚信;143',1),(102,NULL,NULL,'对团队成员的绩效有充分的认识，并能够给予成员适当的反馈\r\n通过对团队成员工作的观察与分析，能够查找出团队合作的不足，并能够采取相应的提升措施\r\n根据团队成员的特点，能够制定相应的绩效激励机制，保障团队绩效的持续达成',32,'能够根据团队成员的特点，有针对性地分配任务，并全力保证组织目标的达成\r\n能够采取一定的激励手段，提高团队成员的工作积极性\r\n在关注团队工作成果的同时，能够最大限度地凝聚团队力量',22,'了解一定的任务分配知识，并能够在执行过程中对任务进行适当的跟踪\r\n能够及时处理团队成员反映的意见，为团队成员提供及时、有效的指导和帮助',12,'无法针对不同的员工特点，使用有效的激励方式\r\n在团队内部没有形成共同学习与进步的氛围',0,'',0,'',0,'项目经理','领导能力','144;',1),(103,NULL,NULL,'能够正确预见变化发生的可能性，并能够于变化发生时快速地认识到客观环境变化为团队或企业带来的市场机会，并对如何利用该机会提出自己的建议\r\n能够充分把握变化背后的根本原因，并能够提前采取行动以降低不利变化出现的可能性，从而有效降低变化带来的负面影响\r\n能够指导团队或下属制订有效的调整计划，并能够采取必要的行动合理调配资源来支持调整计划的实施',22,'充分了解工作环境的变化特点，清楚该变化对个人、团队或企业造成的影响\r\n能够根据变化适时对自己及整个团队的工作流程、方法及资源分配作出有效调整\r\n能够指导团队和下属正确认识调整过程中出现的问题，并能够有效地控制问题地负面影响，确保在尽可能降低工作成本的前提下达成工作目标',12,'能够意识到工作环境的变化，并对变化有所准备。面对变化较为冷静，没有什么明显的不适应\r\n能够找到变化的原因，并能够根据工作经验改善自己的工作流程和工作方法\r\n清楚自身应对变化所需的资源，并能借助这些资源应对变化，克服工作困难，并达成工作目标',0,'',0,'',0,'',0,'项目经理','适应性','145;',1),(104,NULL,NULL,'对工作充满激情，不需要任何正式的授权，就能够承担风险去完成工作任务\r\n通过自身努力拓展工作内涵，获取新技能、新经验',22,'即使没有要求，也会付出额外的精力完成工作\r\n能够独立超额完成工作，无依赖性',12,'只做一般性必要的工作，能按说明书的要求完成工作\r\n自觉完成工作，无需上级催促',0,'',0,'',0,'',0,'项目经理','主动性','146;',1),(105,NULL,NULL,'有挑战的目标，并能够通过不断学习以高标准的要求来完成工作任务\r\n能够在工作过程中不断总结创新，并能够将其应用于以后的工作中\r\n不满足于现有业绩，不断追求卓越',22,'有自己衡量优异的标准，工作努力，能够持续不断地改善绩效\r\n在改善个人绩效的同时，能够与同事分享或影响同事完成工作目标\r\n能够视困难、问题或变化为挑战',12,'专注于本职工作任务，虽然努力工作，但达不到优秀的标准\r\n关注个人表现，能够进行小型创新并提高工作效率，但业绩不明显',0,'',0,'',0,'',0,'项目经理','成就动机','147;',1),(106,NULL,NULL,'工作中发展出自己的办事方式，在不受监督下能约束自己，靠自己去完成工作，上级只对其工作结果进行原则性审核',24,'在较少监督下能约束自己，基本靠自己去完成工作，遇原则性问题要请示上级，上级要对工作结果的要点进行审核',16,'要接受一般性监督，工作程序和方法由上级详细规定，遇有疑难问题要请示上级解决，工作结果受上级审核',8,'要接受严格的监督，需要由上级根据规定检查审核工作程序和工作结果',0,'',0,'',0,'项目经理','独立自主','148;',1),(107,NULL,NULL,'能够主动了解客户的期望和要求，深入参与客户的决策过程，指导客户如何抉择\r\n能够与客户共同寻求继续合作的战略规划，使双方达到共赢',24,'能够积极与客户建立伙伴关系，对客户的疑虑和期望反应及时\r\n能够接受客户的合理建议，并能够及时给予客户反馈',18,'能够考虑客户对问题的认知程度，明白客户的特定情况及其特殊需要\r\n能够与客户保持基本联系，并对客户的要求作出反应',10,'不了解客户的特定情况和特殊需要\r\n没有与客户经常保持联系，对客户的要求没能作出及时应对',0,'',0,'',0,'项目经理','服务意识','149;',1);
/*!40000 ALTER TABLE `evaluation` ENABLE KEYS */;
UNLOCK TABLES;

--
-- Table structure for table `paper`
--

DROP TABLE IF EXISTS `paper`;
/*!40101 SET @saved_cs_client     = @@character_set_client */;
/*!40101 SET character_set_client = utf8 */;
CREATE TABLE `paper` (
  `id` int(11) NOT NULL AUTO_INCREMENT,
  `tester_id` int(11) DEFAULT NULL,
  `index_f` varchar(25) DEFAULT NULL,
  `index_id` int(11) DEFAULT NULL,
  `question` varchar(255) DEFAULT NULL,
  `des` varchar(100) DEFAULT NULL,
  `option_a` varchar(100) DEFAULT NULL,
  `score_a` int(11) DEFAULT NULL,
  `option_b` varchar(100) DEFAULT NULL,
  `score_b` int(11) DEFAULT NULL,
  `option_c` varchar(100) DEFAULT NULL,
  `score_c` int(11) DEFAULT NULL,
  `option_d` varchar(100) DEFAULT NULL,
  `score_d` int(11) DEFAULT NULL,
  `option_e` varchar(100) DEFAULT NULL,
  `score_e` int(11) DEFAULT NULL,
  `option_f` varchar(100) DEFAULT NULL,
  `score_f` int(11) DEFAULT NULL,
  `top` int(11) DEFAULT NULL,
  `objsub` int(11) DEFAULT '0',
  `flag` int(11) DEFAULT '0',
  `answer` varchar(510) DEFAULT NULL,
  `score` int(11) DEFAULT NULL,
  PRIMARY KEY (`id`),
  KEY `IndexID` (`index_id`) USING BTREE,
  KEY `paper-testerId` (`tester_id`),
  CONSTRAINT `paper-testerId` FOREIGN KEY (`tester_id`) REFERENCES `tester` (`id`) ON DELETE CASCADE
) ENGINE=InnoDB AUTO_INCREMENT=788 DEFAULT CHARSET=utf8;
/*!40101 SET character_set_client = @saved_cs_client */;

--
-- Dumping data for table `paper`
--

LOCK TABLES `paper` WRITE;
/*!40000 ALTER TABLE `paper` DISABLE KEYS */;
INSERT INTO `paper` VALUES (613,122,'专业知识',150,'进行活动历时压缩时，你可以在关键路径活动上增加资源。这时必须进一步考虑什么？','','其他活动的延迟',0,'出现新的关键活动',5,'分配给关键路径上其他任务的资源',0,'进度计划中历时最长的任务',0,'',0,'',0,5,0,0,'d',0),(614,122,'专业知识',150,'变更请求可能来自：','','对项目章程的审核',0,'对执行项目的组织的战略计划的回顾',0,'项目团队解决问题的技能要行以提高',0,'范围定义出错或遗漏',5,'',0,'',0,5,0,0,'d',5),(615,122,'专业知识',150,'项目经理要与全体团队成员共同研究确定每一成员在各个工作阶段该做什么工作，达到什么标准和质量，以及如何考核奖惩的共识与文件，这属于绩效管理及考核内容当中的    。','','绩效管理计划',5,'绩效沟通',0,'绩效考核与评价',0,'薪酬管理',0,'',0,'',0,5,0,0,'d',0),(616,122,'专业知识',-1,'你具备的职业资格有：',NULL,'1个国家注册类执业资格',5,'2个国家注册类执业资格',10,'3个国家注册类执业资格',15,'3个以上个国家注册类执业资格',20,'',0,'',0,20,0,1,'d',20),(617,122,'专业知识',-1,'你所从事的专业（如建筑、安装、工程管理等）：',NULL,'1个专业领域',5,'2个专业领域',10,'3个专业领域',20,'3个以上专业领域',30,'',0,'',0,30,0,1,'d',30),(618,122,'专业知识',-1,'你目前的职称是：',NULL,'助工',5,'中级',10,'高级',15,'教授级高工',20,'',0,'',0,20,0,1,'d',20),(619,122,'专业知识',-1,'你所获的学历是：',NULL,'大专',5,'本科',10,'双本或硕士',20,'博士',30,'',0,'',0,30,0,1,'d',30),(620,122,'工作经验',-1,'你具备以下_建筑工程行业工作经历',NULL,'1年以下',10,'1年-3年以下',25,'3年-5年',45,'5年-8年',60,'8年-10年',80,'10年及以上',100,100,0,1,'e',80),(621,122,'工作经验',-1,'你所带领过的最大团队规模：',NULL,'5人及以下',10,'6-10人',25,'11-15人',45,'16-25人',60,'25-50人',80,'50人以上',100,100,0,1,'f',100),(622,122,'工作经验',136,'为什么项目成败主要依靠项目经理','对综合管理能力的理解','差',1,'较好',2,'一般',3,'良好',4,'优秀',5,'',0,5,1,0,'',1),(623,122,'工作经验',136,'请谈谈所做项目中印象最深刻或者个人收获最多的一个项目。请说明理由并谈谈你的收获。','项目经验','差',1,'较好',2,'一般',3,'良好',4,'优秀',5,'',0,5,1,0,'',1),(624,122,'工作经验',137,'你如何确保项目的目标、任务能反映到项目部员工的工作目标中去？','是否通过目标分解方式领导项目成员开展工作','差',1,'较好',2,'一般',3,'良好',4,'优秀',5,'',0,5,1,0,'',1),(625,122,'工作经验',137,'请举例说明你过去做过的一个项目，并说明你如何带领项目团队具体开展工作的？','是否通过授权、激励方式领导下属开展工作','差',1,'较好',2,'一般',3,'良好',4,'优秀',5,'',0,5,1,0,'',1),(626,122,'工作技能',138,'对于开展的全过程工程咨询项目，你对此有向别人或借用其他手段去了解的经历吗？','好奇心强，喜欢提问题','很少，或者不知道该怎么做',2,'较少，或者基本不知道该怎么做',4,'有时是，或者做得不太得心应手',6,'大部分是，而且做得还算不错',8,'每次都是，而且做得很好',10,'',0,10,0,0,'e',10),(627,122,'工作技能',139,'降低成本的常见措施为：    a.优化技术方案  b.优化施工进度计划  c.降低材料设备价格  d.重新选择承包商或供应商  e.在符合合同要求的前提下调整施工质量标准  f.工程范围变更、调整工程量 g索赔','挑战的问题','abc',0,'abcd',0,'abcde',0,'abcdef',0,'abcdefg',10,'',0,10,0,0,'e',10),(628,122,'工作技能',140,'为什么要在项目初期识别项目的假定因素（assumption）并形成文档？','策划','为了分清责任并便于各方签字',0,'为了对项目的关键依赖条件或因素提前作好准备，并方便不断跟踪',10,'为了落实相关的责任并方便检查',0,'为了通知相关的各方并进行文档化记录',0,'',0,'',0,10,0,0,'d',0),(629,122,'工作技能',141,'当项目组其他成员由于出发点不同，对某些问题的看法与你不一致时。','倾听与反馈能力','漠视忽略',2,'勉强接受，敷衍了事',4,'积极聆听他人的意见和建议，乐于接受他人意见',6,'能够理解他人的立场，并有技巧地提出建设性意见',8,'能适时地改变自己的言行，对他人关注的问题提供帮助或建议',10,'',0,10,0,0,'e',10),(630,122,'工作技能',142,'在你的项目中作出了有关范围变更的相关规定，以防止无节制地、不受控地、不合理地进行范围变更。如果范围变更主要是客户提出的，则在项目中你会与客户就范围变更事宜进行某种形式的约定。','合约管理','很少，或者不知道该怎么做',2,'较少，或者基本不知道该怎么做',4,'有时是，或者做得不太得心应手',6,'大部分是，而且做得还算不错',8,'每次都是，而且做得很好',10,'',0,10,0,0,'e',10),(631,122,'工作风格',143,'尽管有时承诺别人的事会给自己带来痛苦，但我从不食言。','信守承诺','很不符合',2,'较不符合',4,'一般符合',6,'比较符合',8,'非常符合',10,'',0,10,0,0,'e',10),(632,122,'工作风格',144,'我会给予下属一定学习、成长上指导、监督，推动下属学习习惯的建立，关键时刻能指导部属解决困难。','团队领导','很不符合',2,'较不符合',4,'一般符合',6,'比较符合',8,'非常符合',10,'',0,10,0,0,'e',10),(633,122,'工作风格',145,'在公司全体大会上，你未料到会被邀请发言，在毫无准备的情况下，你会：','应变性','双手发抖，结结巴巴说不出话来',2,'很平淡地谢绝了',4,'感到意外，简短地讲几句',6,'致谢并发言',8,'感到荣幸，做了精彩的发言',10,'',0,10,0,0,'e',10),(634,122,'工作风格',146,'在工作过程中遭遇的突发事件，我会分析事态的轻重缓急，从而提出应对策略，并向上级反映。','拓展工作内涵','很不符合',2,'较不符合',4,'一般符合',6,'比较符合',8,'非常符合',10,'',0,10,0,0,'e',10),(635,122,'工作价值观',147,'我的工作成果常常能得到上级、同事或社会的肯定。','工作认可','不重要',2,'不太重要',4,'一般',6,'比较重要',8,'很重要',10,'',0,10,0,0,'e',10),(636,122,'工作价值观',148,'工作中发展出自己的办事方式，在不受监督下能约束自己，靠自己去完成工作。','自我约束','不重要',2,'不太重要',4,'一般',6,'比较重要',8,'很重要',10,'',0,10,0,0,'e',10),(637,122,'工作价值观',149,'如果当业主提出了合同范围以外的要求时，你将如何处理？','增值服务','不予考虑',2,'勉强应付，敷衍了事',4,'尝试沟通，尽量满足业主的要求',6,'分析成本与收益，尽量满足业务的合理要求',8,'全面综合分析成本与收益，与业主诚恳沟通，持续提高业主满意度',10,'',0,10,0,0,'e',10),(638,123,'专业知识',-1,'你具备的职业资格有：',NULL,'1个国家注册类执业资格',5,'2个国家注册类执业资格',10,'3个国家注册类执业资格',15,'3个以上个国家注册类执业资格',20,'',0,'',0,20,0,1,'c',15),(639,123,'专业知识',-1,'你所从事的专业（如建筑、安装、工程管理等）：',NULL,'1个专业领域',5,'2个专业领域',10,'3个专业领域',20,'3个以上专业领域',30,'',0,'',0,30,0,1,'b',10),(640,123,'专业知识',-1,'你目前的职称是：',NULL,'助工',5,'中级',10,'高级',15,'教授级高工',20,'',0,'',0,20,0,1,'d',20),(641,123,'专业知识',-1,'你所获的学历是：',NULL,'大专',5,'本科',10,'双本或硕士',20,'博士',30,'',0,'',0,30,0,1,'a',5),(642,123,'工作经验',-1,'你具备以下_建筑工程行业工作经历',NULL,'1年以下',10,'1年-3年以下',25,'3年-5年',45,'5年-8年',60,'8年-10年',80,'10年及以上',100,100,0,1,'d',60),(643,123,'工作经验',-1,'你所带领过的最大团队规模：',NULL,'5人及以下',10,'6-10人',25,'11-15人',45,'16-25人',60,'25-50人',80,'50人以上',100,100,0,1,'e',80),(644,123,'专业知识',150,'项目经理要与全体团队成员共同研究确定每一成员在各个工作阶段该做什么工作，达到什么标准和质量，以及如何考核奖惩的共识与文件，这属于绩效管理及考核内容当中的    。','','绩效管理计划',5,'绩效沟通',0,'绩效考核与评价',0,'薪酬管理',0,'',0,'',0,5,0,0,'d',0),(645,123,'专业知识',150,'招标人和中标人在签订合同的谈判中，为了防范货币贬值或者通货膨胀的风险，一般通过_约定风险承担方式','','调整投标价格',0,'价格调整条款',5,'调整中标价格',0,'调整工作范围',0,'',0,'',0,5,0,0,'d',0),(646,123,'专业知识',150,'在正确合理的工程设计的前提下，建设工程质量不合格主要归结为：','','投入的施工生产要素质量不合格以及工序操作质量不合格',0,'工序操作质量不合格以及施工作业质量不合格',0,'投入的施工生产要素质量不合格以及已完施工产品质量检验不合格',0,'投入的施工生产要素质量不合格和施工作业质量不合格',5,'',0,'',0,5,0,0,'a',0),(647,123,'工作经验',136,'项目进行到后期，大部分工作基本就绪。也许是在初始阶段需求提得不够严谨，在评测工作结果时你的施工单位突然提出了很多要求的变更。如果要增加要求，很可能会导致项目工作严重拖延。你怎么应对这个局面？','项目变更管理','差',1,'较好',2,'一般',3,'良好',4,'优秀',5,'',0,5,1,0,'',4),(648,123,'工作经验',136,'请谈谈你以前的工作经验，你从中学到了什么，这对你从事项目管理工作有什么帮助？','工作认知','差',1,'较好',2,'一般',3,'良好',4,'优秀',5,'',0,5,1,0,'',4),(649,123,'工作经验',137,'对照项目进度表，你发现项目整体进度延迟了，为了赢回时间，你决定安排大家加班，但张军表示不愿加班。如果张军不加班，势必会影响其他团队成员，你该如何处理呢？','如何说服团队成员一起加班','差',1,'较好',2,'一般',3,'良好',4,'优秀',5,'',0,5,1,0,'',4),(650,123,'工作经验',137,'请举例说明你过去做过的一个项目，并说明你如何带领项目团队具体开展工作的？','是否通过授权、激励方式领导下属开展工作','差',1,'较好',2,'一般',3,'良好',4,'优秀',5,'',0,5,1,0,'',4),(651,123,'工作技能',138,'对于开展的全过程工程咨询项目，你对此有向别人或借用其他手段去了解的经历吗？','好奇心强，喜欢提问题','很少，或者不知道该怎么做',2,'较少，或者基本不知道该怎么做',4,'有时是，或者做得不太得心应手',6,'大部分是，而且做得还算不错',8,'每次都是，而且做得很好',10,'',0,10,0,0,'d',8),(652,123,'工作技能',139,'我们有项目计划，并对施工单位提出时间要求，他们编出进度计划，我们只是会对照检查就是了。','单一的问题','很少，或者不知道该怎么做',2,'较少，或者基本不知道该怎么做',4,'有时是，或者做得不太得心应手',6,'大部分是，而且做得还算不错',8,'每次都是，而且做得很好',10,'',0,10,0,0,'b',4),(653,123,'工作技能',140,'为什么要在项目初期识别项目的假定因素（assumption）并形成文档？','策划','为了分清责任并便于各方签字',0,'为了对项目的关键依赖条件或因素提前作好准备，并方便不断跟踪',10,'为了落实相关的责任并方便检查',0,'为了通知相关的各方并进行文档化记录',0,'',0,'',0,10,0,0,'c',0),(654,123,'工作技能',141,'你手头有许多重要工作，你的领导又交给你一项任务，而你没有多余的时间，你如何处理这件事？','沟通协调','拒绝新任务',2,'勉强接受新任务，敷衍了事',4,'接受新任务，尽量完成',6,'接受新任务，同时和领导讲明该工作对本职工作的影响',8,'分清轻重缓急，妥善处理好与本职工作的关系',10,'',0,10,0,0,'d',8),(655,123,'工作技能',142,'只要项目某干系人完成了项目某交付物或提交了某些中间成果，你都会安排对这些工作成果进行质量检查（如审阅、检测、查看、评审等）。','过程监控','很少，或者不知道该怎么做',2,'较少，或者基本不知道该怎么做',4,'有时是，或者做得不太得心应手',6,'大部分是，而且做得还算不错',8,'每次都是，而且做得很好',10,'',0,10,0,0,'d',8),(656,123,'工作风格',143,'尽管有时承诺别人的事会给自己带来痛苦，但我从不食言。','信守承诺','很不符合',2,'较不符合',4,'一般符合',6,'比较符合',8,'非常符合',10,'',0,10,0,0,'a',2),(657,123,'工作风格',144,'我能根据团队特点及任务所需进行合理工作安排，给予部属自我成长空间，并在过程中能够成分信任部属合理授权，任务到人，善于抓住重点，监控关键节点。','授权','很不符合',2,'较不符合',4,'一般符合',6,'比较符合',8,'非常符合',10,'',0,10,0,0,'b',4),(658,123,'工作风格',145,'假如你被上级安排到一个新项目后，工作环境与你希望的相比有较大差距，你将如何选择？','适应性','提出更换工作',2,'在新工作环境中消极怠工',4,'在新工作环境中尝试适应',6,'清楚应对变化所需的资源，并能借助这些资源应对变化，克服工作困难，并达成工作目标',8,'逐渐改变与创造有利于工作的环境，实现最佳工作绩效',10,'',0,10,0,0,'c',6),(659,123,'工作风格',146,'在常规工作时间内，没法完成工作任务时，我会自觉利用下班后或周末加班完成。','自觉加班','很不符合',2,'较不符合',4,'一般符合',6,'比较符合',8,'非常符合',10,'',0,10,0,0,'c',6),(660,123,'工作价值观',147,'我可以看见我努力工作的成果。','工作反馈','不重要',2,'不太重要',4,'一般',6,'比较重要',8,'很重要',10,'',0,10,0,0,'d',8),(661,123,'工作价值观',148,'在工作中你能实行一些我的新想法。','发挥空间','不重要',2,'不太重要',4,'一般',6,'比较重要',8,'很重要',10,'',0,10,0,0,'d',8),(662,123,'工作价值观',149,'如果业主对你在项目中的表现不满意，你会怎么处理？','业主满意度','忽略漠视',2,'勉强应付',4,'尝试沟通，寻找解决途径',6,'主动沟通，妥善解决矛盾',8,'积极沟通，持续提高业主满意度',10,'',0,10,0,0,'d',8),(663,124,'专业知识',-1,'你具备的职业资格有：',NULL,'1个国家注册类执业资格',5,'2个国家注册类执业资格',10,'3个国家注册类执业资格',15,'3个以上个国家注册类执业资格',20,'',0,'',0,20,0,1,'d',20),(664,124,'专业知识',-1,'你所从事的专业（如建筑、安装、工程管理等）：',NULL,'1个专业领域',5,'2个专业领域',10,'3个专业领域',20,'3个以上专业领域',30,'',0,'',0,30,0,1,'d',30),(665,124,'专业知识',-1,'你目前的职称是：',NULL,'助工',5,'中级',10,'高级',15,'教授级高工',20,'',0,'',0,20,0,1,'d',20),(666,124,'专业知识',-1,'你所获的学历是：',NULL,'大专',5,'本科',10,'双本或硕士',20,'博士',30,'',0,'',0,30,0,1,'d',30),(667,124,'工作经验',-1,'你具备以下_建筑工程行业工作经历',NULL,'1年以下',10,'1年-3年以下',25,'3年-5年',45,'5年-8年',60,'8年-10年',80,'10年及以上',100,100,0,1,'d',60),(668,124,'工作经验',-1,'你所带领过的最大团队规模：',NULL,'5人及以下',10,'6-10人',25,'11-15人',45,'16-25人',60,'25-50人',80,'50人以上',100,100,0,1,'e',80),(669,124,'专业知识',150,'在正确合理的工程设计的前提下，建设工程质量不合格主要归结为：','','投入的施工生产要素质量不合格以及工序操作质量不合格',0,'工序操作质量不合格以及施工作业质量不合格',0,'投入的施工生产要素质量不合格以及已完施工产品质量检验不合格',0,'投入的施工生产要素质量不合格和施工作业质量不合格',5,'',0,'',0,5,0,0,'d',5),(670,124,'专业知识',150,'在处理一个时间敏感项目的资源制约因素问题时，项目经理评估了聘用来自公司不同地理位置团队成员的方案。这个方案有哪些优势？','','减少预算和进度的冲突水平',0,'建立新的全球团队竞争力',0,'提高项目的沟通和交付速度',0,'更多高技能资源的可用性以及减少成本',5,'',0,'',0,5,0,0,'d',5),(671,124,'专业知识',150,'作为一个项目沟通管理过程，项目收尾包含审核和归档项目结果，由客户对项目产品进行正式验收，项目收尾活动产生的输出包括：','','项目档案、正式验收、经验教训',5,'变更请求、项目记录、经验教训',0,'经验教训、绩效报告、变更请求',0,'沟通管理计划、变更请求、项目档案',0,'',0,'',0,5,0,0,'d',0),(672,124,'工作经验',136,'请谈谈你以前的工作经验，你从中学到了什么，这对你从事项目管理工作有什么帮助？','工作认知','差',1,'较好',2,'一般',3,'良好',4,'优秀',5,'',0,5,1,0,'',NULL),(673,124,'工作经验',136,'请针对你熟悉或经历过的一个项目，描述该项目的目标、工作范围、进度计划、成本以及其他条件，项目实施状况、项目的预期收益。','从业经历、职责','差',1,'较好',2,'一般',3,'良好',4,'优秀',5,'',0,5,1,0,'',NULL),(674,124,'工作经验',137,'你如何确保项目的目标、任务能反映到项目部员工的工作目标中去？','是否通过目标分解方式领导项目成员开展工作','差',1,'较好',2,'一般',3,'良好',4,'优秀',5,'',0,5,1,0,'',NULL),(675,124,'工作经验',137,'上级来检查项目现场工作，请说说你是如何策划组织项目成员开展检查工作汇报的？','是否善于发动项目成员以解决问题','差',1,'较好',2,'一般',3,'良好',4,'优秀',5,'',0,5,1,0,'',NULL),(676,124,'工作技能',138,'你在工作中碰到了新的专业技术问题，你将采取怎样的方式去处理？','有较强的学习愿望','试图解决，但有点茫然不知所措',2,'利用自己已有经验或知识去处理',4,'学习他人的经验和做法去处理',6,'通过自己寻找新知识去处理',8,'在公司内充当新技术、新知识的倡导者和传播者',10,'',0,10,0,0,'e',10),(677,124,'工作技能',139,'我们有项目计划，并对施工单位提出时间要求，他们编出进度计划，我们只是会对照检查就是了。','单一的问题','很少，或者不知道该怎么做',2,'较少，或者基本不知道该怎么做',4,'有时是，或者做得不太得心应手',6,'大部分是，而且做得还算不错',8,'每次都是，而且做得很好',10,'',0,10,0,0,'e',10),(678,124,'工作技能',140,'你为新项目组建的项目小组，包括4个全职人员和4个兼职人员。所有小组人员相互认识并在过去一起共事过。为了项目启动顺利，你的第一步是：','组建项目','同每个小组成员单独会面，讨论任务分配',0,'准备一个责任分配矩阵并发给每个成员',0,'将项目计划和工作分解结构分发给小组成员',0,'举行项目动员大会',10,'',0,'',0,10,0,0,'d',10),(679,124,'工作技能',141,'当项目组其他成员由于出发点不同，对某些问题的看法与你不一致时。','倾听与反馈能力','漠视忽略',2,'勉强接受，敷衍了事',4,'积极聆听他人的意见和建议，乐于接受他人意见',6,'能够理解他人的立场，并有技巧地提出建设性意见',8,'能适时地改变自己的言行，对他人关注的问题提供帮助或建议',10,'',0,10,0,0,'e',10),(680,124,'工作技能',142,'你对所从事项目的常见风险及其常见应对措施很熟悉。','风险识别与防范','不太熟悉',2,'了解一些',4,'对主要的风险比较熟知',6,'基本都熟悉',8,'全面熟悉',10,'',0,10,0,0,'e',10),(681,124,'工作风格',143,'尽管有时承诺别人的事会给自己带来痛苦，但我从不食言。','信守承诺','很不符合',2,'较不符合',4,'一般符合',6,'比较符合',8,'非常符合',10,'',0,10,0,0,'e',10),(682,124,'工作风格',144,'我会给予下属一定学习、成长上指导、监督，推动下属学习习惯的建立，关键时刻能指导部属解决困难。','团队领导','很不符合',2,'较不符合',4,'一般符合',6,'比较符合',8,'非常符合',10,'',0,10,0,0,'e',10),(683,124,'工作风格',145,'假如你被上级安排到一个新项目后，工作环境与你希望的相比有较大差距，你将如何选择？','适应性','提出更换工作',2,'在新工作环境中消极怠工',4,'在新工作环境中尝试适应',6,'清楚应对变化所需的资源，并能借助这些资源应对变化，克服工作困难，并达成工作目标',8,'逐渐改变与创造有利于工作的环境，实现最佳工作绩效',10,'',0,10,0,0,'e',10),(684,124,'工作风格',146,'在常规工作时间内，没法完成工作任务时，我会自觉利用下班后或周末加班完成。','自觉加班','很不符合',2,'较不符合',4,'一般符合',6,'比较符合',8,'非常符合',10,'',0,10,0,0,'e',10),(685,124,'工作价值观',147,'我能够在工作过程中不断总结创新，并能够将其应用于以后的工作中，不断追求卓越。','创新','不重要',2,'不太重要',4,'一般',6,'比较重要',8,'很重要',10,'',0,10,0,0,'e',10),(686,124,'工作价值观',148,'工作中发展出自己的办事方式，在不受监督下能约束自己，靠自己去完成工作。','自我约束','不重要',2,'不太重要',4,'一般',6,'比较重要',8,'很重要',10,'',0,10,0,0,'e',10),(687,124,'工作价值观',149,'如果业主对你在项目中的表现不满意，你会怎么处理？','业主满意度','忽略漠视',2,'勉强应付',4,'尝试沟通，寻找解决途径',6,'主动沟通，妥善解决矛盾',8,'积极沟通，持续提高业主满意度',10,'',0,10,0,0,'e',10),(688,125,'专业知识',-1,'你具备的职业资格有：',NULL,'1个国家注册类执业资格',5,'2个国家注册类执业资格',10,'3个国家注册类执业资格',15,'3个以上个国家注册类执业资格',20,'',0,'',0,20,0,1,'d',20),(689,125,'专业知识',-1,'你所从事的专业（如建筑、安装、工程管理等）：',NULL,'1个专业领域',5,'2个专业领域',10,'3个专业领域',20,'3个以上专业领域',30,'',0,'',0,30,0,1,'d',30),(690,125,'专业知识',-1,'你目前的职称是：',NULL,'助工',5,'中级',10,'高级',15,'教授级高工',20,'',0,'',0,20,0,1,'c',15),(691,125,'专业知识',-1,'你所获的学历是：',NULL,'大专',5,'本科',10,'双本或硕士',20,'博士',30,'',0,'',0,30,0,1,'d',30),(692,125,'工作经验',-1,'你具备以下_建筑工程行业工作经历',NULL,'1年以下',10,'1年-3年以下',25,'3年-5年',45,'5年-8年',60,'8年-10年',80,'10年及以上',100,100,0,1,'d',60),(693,125,'工作经验',-1,'你所带领过的最大团队规模：',NULL,'5人及以下',10,'6-10人',25,'11-15人',45,'16-25人',60,'25-50人',80,'50人以上',100,100,0,1,'d',60),(694,125,'专业知识',150,'PMI关于项目管理的九大知识领域分别是项目集成管理、项目范围管理、项目时间管理、项目费用管理、项目质量管理、项目人力资源管理、项目沟通管理、项目风险管理、项目_管理。','','采购',5,'进度',0,'过程',0,'冲突',0,'',0,'',0,5,0,0,'c',0),(695,125,'专业知识',150,'项目经理要与全体团队成员共同研究确定每一成员在各个工作阶段该做什么工作，达到什么标准和质量，以及如何考核奖惩的共识与文件，这属于绩效管理及考核内容当中的    。','','绩效管理计划',5,'绩效沟通',0,'绩效考核与评价',0,'薪酬管理',0,'',0,'',0,5,0,0,'c',0),(696,125,'专业知识',150,'项目范围说明书在项目管理生命周期中_阶段创建。','','启动',0,'计划',5,'执行',0,'控制',0,'',0,'',0,5,0,0,'d',0),(697,125,'工作经验',136,'请谈谈你以前的工作经验，你从中学到了什么，这对你从事项目管理工作有什么帮助？','工作认知','差',1,'较好',2,'一般',3,'良好',4,'优秀',5,'',0,5,1,0,'放到沙发上的方式电风扇的风',NULL),(698,125,'工作经验',136,'某供应商所负责的项目已经落实计划近一个月了，你希望在最后的三个月的时间里把时间进度追回。但供应商的项目经理提出了很多理由说无法按时完成，如技术有难度、人手不足、设备无法按时到货等。你怎么办？','供应商管理','差',1,'较好',2,'一般',3,'良好',4,'优秀',5,'',0,5,1,0,'反倒是发生的发生的',NULL),(699,125,'工作经验',137,'上级来检查项目现场工作，请说说你是如何策划组织项目成员开展检查工作汇报的？','是否善于发动项目成员以解决问题','差',1,'较好',2,'一般',3,'良好',4,'优秀',5,'',0,5,1,0,'',NULL),(700,125,'工作经验',137,'请举例说明你过去做过的一个项目，并说明你如何带领项目团队具体开展工作的？','是否通过授权、激励方式领导下属开展工作','差',1,'较好',2,'一般',3,'良好',4,'优秀',5,'',0,5,1,0,'',NULL),(701,125,'工作技能',138,'工程项目每进入下一阶段工作前，你都会组织项目部人员进行学习和工作交底。','组织项目成员自主学习','很少，或者不知道该怎么做',2,'较少，或者基本不知道该怎么做',4,'有时是，或者做得不太得心应手',6,'大部分是，而且做得还算不错',8,'每次都是，而且做得很好',10,'',0,10,0,0,'e',10),(702,125,'工作技能',139,'下列施工成本管理措施中，属于经济措施的有： a.明确成本管理人员的工作任务和责权利  b.对不同的技术方案进行技术经济分析  c.编制资金使用计划，确定施工成本管理目标  d. 通过偏差原因分析，预测未完工程施工成本  e.防止分包商的索赔','多样的问题','ac',0,'ab',0,'cd',10,'bcd',0,'cde',0,'',0,10,0,0,'c',10),(703,125,'工作技能',140,'为什么要在项目初期识别项目的假定因素（assumption）并形成文档？','策划','为了分清责任并便于各方签字',0,'为了对项目的关键依赖条件或因素提前作好准备，并方便不断跟踪',10,'为了落实相关的责任并方便检查',0,'为了通知相关的各方并进行文档化记录',0,'',0,'',0,10,0,0,'d',0),(704,125,'工作技能',141,'当项目组其他成员由于出发点不同，对某些问题的看法与你不一致时。','倾听与反馈能力','漠视忽略',2,'勉强接受，敷衍了事',4,'积极聆听他人的意见和建议，乐于接受他人意见',6,'能够理解他人的立场，并有技巧地提出建设性意见',8,'能适时地改变自己的言行，对他人关注的问题提供帮助或建议',10,'',0,10,0,0,'d',8),(705,125,'工作技能',142,'你对所从事项目的常见风险及其常见应对措施很熟悉。','风险识别与防范','不太熟悉',2,'了解一些',4,'对主要的风险比较熟知',6,'基本都熟悉',8,'全面熟悉',10,'',0,10,0,0,'d',8),(706,125,'工作风格',143,'我的同事或朋友都认为我是一个值得信赖的人。','值得信赖','很不符合',2,'较不符合',4,'一般符合',6,'比较符合',8,'非常符合',10,'',0,10,0,0,'d',8),(707,125,'工作风格',144,'你的下属有个约会，你却不得不请他加班工作，你会怎么说?','团队管理','必须写完这份报告，不然就不要下班了',2,'我明知这是不情之请，拜托了',4,'把约会取消吧，打完这份报告就请你吃饭',6,'上头吩咐，今天非把这份报告发出不可',8,'我相信这项工作只有你才可以做好',10,'',0,10,0,0,'e',10),(708,125,'工作风格',145,'在工作过程中出现困难与挑战时，我始终能泰然处之。','沉着冷静','很不符合',2,'较不符合',4,'一般符合',6,'比较符合',8,'非常符合',10,'',0,10,0,0,'e',10),(709,125,'工作风格',146,'在工作过程中遭遇的突发事件，我会分析事态的轻重缓急，从而提出应对策略，并向上级反映。','拓展工作内涵','很不符合',2,'较不符合',4,'一般符合',6,'比较符合',8,'非常符合',10,'',0,10,0,0,'d',8),(710,125,'工作价值观',147,'我可以看见我努力工作的成果。','工作反馈','不重要',2,'不太重要',4,'一般',6,'比较重要',8,'很重要',10,'',0,10,0,0,'d',8),(711,125,'工作价值观',148,'在工作中你能实行一些我的新想法。','发挥空间','不重要',2,'不太重要',4,'一般',6,'比较重要',8,'很重要',10,'',0,10,0,0,'d',8),(712,125,'工作价值观',149,'如果业主对你在项目中的表现不满意，你会怎么处理？','业主满意度','忽略漠视',2,'勉强应付',4,'尝试沟通，寻找解决途径',6,'主动沟通，妥善解决矛盾',8,'积极沟通，持续提高业主满意度',10,'',0,10,0,0,'d',8),(713,126,'专业知识',-1,'你具备的职业资格有：',NULL,'1个国家注册类执业资格',5,'2个国家注册类执业资格',10,'3个国家注册类执业资格',15,'3个以上个国家注册类执业资格',20,'',0,'',0,20,0,1,'d',20),(714,126,'专业知识',-1,'你所从事的专业（如建筑、安装、工程管理等）：',NULL,'1个专业领域',5,'2个专业领域',10,'3个专业领域',20,'3个以上专业领域',30,'',0,'',0,30,0,1,'b',10),(715,126,'专业知识',-1,'你目前的职称是：',NULL,'助工',5,'中级',10,'高级',15,'教授级高工',20,'',0,'',0,20,0,1,'c',15),(716,126,'专业知识',-1,'你所获的学历是：',NULL,'大专',5,'本科',10,'双本或硕士',20,'博士',30,'',0,'',0,30,0,1,'b',10),(717,126,'工作经验',-1,'你具备以下_建筑工程行业工作经历',NULL,'1年以下',10,'1年-3年以下',25,'3年-5年',45,'5年-8年',60,'8年-10年',80,'10年及以上',100,100,0,1,'c',45),(718,126,'工作经验',-1,'你所带领过的最大团队规模：',NULL,'5人及以下',10,'6-10人',25,'11-15人',45,'16-25人',60,'25-50人',80,'50人以上',100,100,0,1,'c',45),(719,126,'专业知识',150,'变更请求可能来自：','','对项目章程的审核',0,'对执行项目的组织的战略计划的回顾',0,'项目团队解决问题的技能要行以提高',0,'范围定义出错或遗漏',5,'',0,'',0,5,0,0,'c',0),(720,126,'专业知识',150,'进行活动历时压缩时，你可以在关键路径活动上增加资源。这时必须进一步考虑什么？','','其他活动的延迟',0,'出现新的关键活动',5,'分配给关键路径上其他任务的资源',0,'进度计划中历时最长的任务',0,'',0,'',0,5,0,0,'c',0),(721,126,'专业知识',150,'在某大型工程项目的施工过程中，由于“下情不能上传，上情不能下达”，导致项目经理不能及时作出正确决策，拖延了工期。为了加快施工进度，项目经理修正了信息传递工作流程。这种纠偏措施属于动态控制的_。','','技术措施',0,'管理措施',0,'经济措施',0,'组织措施',5,'',0,'',0,5,0,0,'c',0),(722,126,'工作经验',136,'某供应商所负责的项目已经落实计划近一个月了，你希望在最后的三个月的时间里把时间进度追回。但供应商的项目经理提出了很多理由说无法按时完成，如技术有难度、人手不足、设备无法按时到货等。你怎么办？','供应商管理','差',1,'较好',2,'一般',3,'良好',4,'优秀',5,'',0,5,1,0,'',NULL),(723,126,'工作经验',136,'请用简洁的语言描述一下你的工作经历和所获成绩。','语言组织的流畅性、准确性、连贯性和逻辑性','差',1,'较好',2,'一般',3,'良好',4,'优秀',5,'',0,5,1,0,'',NULL),(724,126,'工作经验',137,'你如何确保项目的目标、任务能反映到项目部员工的工作目标中去？','是否通过目标分解方式领导项目成员开展工作','差',1,'较好',2,'一般',3,'良好',4,'优秀',5,'',0,5,1,0,'',NULL),(725,126,'工作经验',137,'上级来检查项目现场工作，请说说你是如何策划组织项目成员开展检查工作汇报的？','是否善于发动项目成员以解决问题','差',1,'较好',2,'一般',3,'良好',4,'优秀',5,'',0,5,1,0,'',NULL),(726,126,'工作技能',138,'对于开展的全过程工程咨询项目，你对此有向别人或借用其他手段去了解的经历吗？','好奇心强，喜欢提问题','很少，或者不知道该怎么做',2,'较少，或者基本不知道该怎么做',4,'有时是，或者做得不太得心应手',6,'大部分是，而且做得还算不错',8,'每次都是，而且做得很好',10,'',0,10,0,0,'d',8),(727,126,'工作技能',139,'当发现施工进度延期了，作为项目经理，你将采取的纠偏措施主要包括： a.组织措施  b.管理措施  c.经济措施  d.技术措施等。','多元的问题','a',0,'ab',0,'abc',0,'abd',0,'abcd',10,'',0,10,0,0,'c',0),(728,126,'工作技能',140,'估计工期有时会用到“三点法”。所谓三点，是指：','工期计划','最乐观点、最悲观点、最可能点',10,'工作紧张点、工作清闲点、正常点',0,'项目范围、时间、成本',0,'项目前、中、后三个时点',0,'',0,'',0,10,0,0,'c',0),(729,126,'工作技能',141,'每次向他人下达任务时你会详细说明任务的目标和你的具体要求，并且与执行者确认其理解与你的一致。','表达能力','很少，或者不知道该怎么做',2,'较少，或者基本不知道该怎么做',4,'有时是，或者做得不太得心应手',6,'大部分是，而且做得还算不错',8,'每次都是，而且做得很好',10,'',0,10,0,0,'d',8),(730,126,'工作技能',142,'在你的项目中作出了有关范围变更的相关规定，以防止无节制地、不受控地、不合理地进行范围变更。如果范围变更主要是客户提出的，则在项目中你会与客户就范围变更事宜进行某种形式的约定。','合约管理','很少，或者不知道该怎么做',2,'较少，或者基本不知道该怎么做',4,'有时是，或者做得不太得心应手',6,'大部分是，而且做得还算不错',8,'每次都是，而且做得很好',10,'',0,10,0,0,'c',6),(731,126,'工作风格',143,'项目人员不应向施工方索要礼品，如对方主动赠送应婉言谢绝，无法谢绝的应该：','拒绝商业贿赂','收下归自己所有',2,'收下后上交公司',4,'及时汇报',6,'先收下，后退回',8,'先收下，后退回，并在项目团队中加以警示',10,'',0,10,0,0,'c',6),(732,126,'工作风格',144,'我能根据团队特点及任务所需进行合理工作安排，给予部属自我成长空间，并在过程中能够成分信任部属合理授权，任务到人，善于抓住重点，监控关键节点。','授权','很不符合',2,'较不符合',4,'一般符合',6,'比较符合',8,'非常符合',10,'',0,10,0,0,'c',6),(733,126,'工作风格',145,'项目进展过程中，遇到突发事件，我能灵活处理。','灵活性','很不符合',2,'较不符合',4,'一般符合',6,'比较符合',8,'非常符合',10,'',0,10,0,0,'c',6),(734,126,'工作风格',146,'在整个项目管理的全周期范围内，我都积极主动地去做一切可以或者有助于完成目标的工作或者尝试。','积极主动','很不符合',2,'较不符合',4,'一般符合',6,'比较符合',8,'非常符合',10,'',0,10,0,0,'c',6),(735,126,'工作价值观',147,'工作中设定有挑战的目标，并能够通过不断学习以高标准的要求来完成工作任务。','敢于挑战','不重要',2,'不太重要',4,'一般',6,'比较重要',8,'很重要',10,'',0,10,0,0,'c',6),(736,126,'工作价值观',148,'工作中发展出自己的办事方式，在不受监督下能约束自己，靠自己去完成工作。','自我约束','不重要',2,'不太重要',4,'一般',6,'比较重要',8,'很重要',10,'',0,10,0,0,'d',8),(737,126,'工作价值观',149,'如果当业主提出了合同范围以外的要求时，你将如何处理？','增值服务','不予考虑',2,'勉强应付，敷衍了事',4,'尝试沟通，尽量满足业主的要求',6,'分析成本与收益，尽量满足业务的合理要求',8,'全面综合分析成本与收益，与业主诚恳沟通，持续提高业主满意度',10,'',0,10,0,0,'d',8),(738,127,'专业知识',-1,'你具备的职业资格有：',NULL,'1个国家注册类执业资格',5,'2个国家注册类执业资格',10,'3个国家注册类执业资格',15,'3个以上个国家注册类执业资格',20,'',0,'',0,20,0,1,'a',5),(739,127,'专业知识',-1,'你所从事的专业（如建筑、安装、工程管理等）：',NULL,'1个专业领域',5,'2个专业领域',10,'3个专业领域',20,'3个以上专业领域',30,'',0,'',0,30,0,1,'b',10),(740,127,'专业知识',-1,'你目前的职称是：',NULL,'助工',5,'中级',10,'高级',15,'教授级高工',20,'',0,'',0,20,0,1,'c',15),(741,127,'专业知识',-1,'你所获的学历是：',NULL,'大专',5,'本科',10,'双本或硕士',20,'博士',30,'',0,'',0,30,0,1,'c',20),(742,127,'工作经验',-1,'你具备以下_建筑工程行业工作经历',NULL,'1年以下',10,'1年-3年以下',25,'3年-5年',45,'5年-8年',60,'8年-10年',80,'10年及以上',100,100,0,1,'d',60),(743,127,'工作经验',-1,'你所带领过的最大团队规模：',NULL,'5人及以下',10,'6-10人',25,'11-15人',45,'16-25人',60,'25-50人',80,'50人以上',100,100,0,1,'c',45),(744,127,'专业知识',150,'项目交付物：','','是由外部人员向项目提交的基础文档或实物，由该任务的负责方负责提交',0,'是由外部人员向项目提交的基础文档或实物，由项目经理负责收取',0,'是由项目最终完成的结果，由项目经理负责提交',5,'是由项目最终完成的结果，由参与项目的各方人员共同负责提交',0,'',0,'',0,5,0,0,'d',0),(745,127,'专业知识',150,'项目出现人员绩效问题，最好通过什么手段处理？','','正式书面沟通',0,'正式口头沟通',0,'非正式书面沟通',0,'非正式口头沟通',5,'',0,'',0,5,0,0,'b',0),(746,127,'专业知识',150,'项目经理开始执行一个两年期的项目。设备仅要在项目最终阶段使用。项目经理必须决定何时采购设备。为了降低与可供性和装运问题有关的风险，一名团队成员向项目经理建议提前一年采购设备。总成本支出将不会有变化。出于以下何种原因，项目经理应该避免该团队成员的建议？','','它影响工作分解结构',0,'它影响完工预算',0,'它降低挣值',0,'它增加流动资本',5,'',0,'',0,5,0,0,'b',0),(747,127,'工作经验',136,'请用简洁的语言描述一下你的工作经历和所获成绩。','语言组织的流畅性、准确性、连贯性和逻辑性','差',1,'较好',2,'一般',3,'良好',4,'优秀',5,'',0,5,1,0,'qqq',NULL),(748,127,'工作经验',136,'请针对你熟悉或经历过的一个项目，描述该项目的目标、工作范围、进度计划、成本以及其他条件，项目实施状况、项目的预期收益。','从业经历、职责','差',1,'较好',2,'一般',3,'良好',4,'优秀',5,'',0,5,1,0,'qqq',NULL),(749,127,'工作经验',137,'对照项目进度表，你发现项目整体进度延迟了，为了赢回时间，你决定安排大家加班，但张军表示不愿加班。如果张军不加班，势必会影响其他团队成员，你该如何处理呢？','如何说服团队成员一起加班','差',1,'较好',2,'一般',3,'良好',4,'优秀',5,'',0,5,1,0,'qqq',NULL),(750,127,'工作经验',137,'你如何确保项目的目标、任务能反映到项目部员工的工作目标中去？','是否通过目标分解方式领导项目成员开展工作','差',1,'较好',2,'一般',3,'良好',4,'优秀',5,'',0,5,1,0,'qqq',NULL),(751,127,'工作技能',138,'你每天都会花一定的时间进行有关专业书籍等资料的阅读？','主动学习，日常积累','基本没有时间',2,'较少时间',4,'一半时间',6,'较多时间',8,'很多时间',10,'',0,10,0,0,'d',8),(752,127,'工作技能',139,'下列施工成本管理措施中，属于经济措施的有： a.明确成本管理人员的工作任务和责权利  b.对不同的技术方案进行技术经济分析  c.编制资金使用计划，确定施工成本管理目标  d. 通过偏差原因分析，预测未完工程施工成本  e.防止分包商的索赔','多样的问题','ac',0,'ab',0,'cd',10,'bcd',0,'cde',0,'',0,10,0,0,'b',0),(753,127,'工作技能',140,'你负责管理一个为期两年的项目，现在已经进行到了项目的第二年。自项目开始以来，在项目的一些角色和和责任方面都发生了一些改变，一些团队中途离开了，也有一些人被补充进来了，还有几个完成的工作包没有得到必需的确认。一些团队成员认为，他们应该负责评估一些工作包，至少提供一些输入资料。同时项目有一名关键成员突然离队，这使得三个工作包的进度拖后了5周，你好像还不知道该由谁来负责项目的各个行动。为了掌握对项目的控制权，你需要：','项目范围','根据当前的资源需求重新设定员工分配管理计划',0,'把组织结构改变成项目型组织以最大程度地控制资源分配的控制程度',0,'同项目团队一起制作一个责任分配矩阵',10,'另设一个部门，专人负责一些比较关键的问题',0,'',0,'',0,10,0,0,'c',10),(754,127,'工作技能',141,'当项目团队成员既要对职能经理又要对项目经理负责时，团队建设通常十分复杂。这种双重报告关系的有效管理通常是谁的职责？','沟通管理','涉及到的小组成员',0,'项目经理',10,'项目业主或发起人',0,'职能经理',0,'',0,'',0,10,0,0,'c',0),(755,127,'工作技能',142,'只要项目某干系人完成了项目某交付物或提交了某些中间成果，你都会安排对这些工作成果进行质量检查（如审阅、检测、查看、评审等）。','过程监控','很少，或者不知道该怎么做',2,'较少，或者基本不知道该怎么做',4,'有时是，或者做得不太得心应手',6,'大部分是，而且做得还算不错',8,'每次都是，而且做得很好',10,'',0,10,0,0,'c',6),(756,127,'工作风格',143,'对于企业规章制度中没有明确规定，但属于违背职业道德的行为，你会：','恪守道德准则','忽略漠视',2,'视情况而为',4,'大部分情况下能遵守道德准则',6,'严格遵守道德准则，坚决抵制不道德行为',8,'恪守道德准则，并在项目团队中进行教育与宣传',10,'',0,10,0,0,'d',8),(757,127,'工作风格',144,'你的下属有个约会，你却不得不请他加班工作，你会怎么说?','团队管理','必须写完这份报告，不然就不要下班了',2,'我明知这是不情之请，拜托了',4,'把约会取消吧，打完这份报告就请你吃饭',6,'上头吩咐，今天非把这份报告发出不可',8,'我相信这项工作只有你才可以做好',10,'',0,10,0,0,'d',8),(758,127,'工作风格',145,'在工作过程中出现困难与挑战时，我始终能泰然处之。','沉着冷静','很不符合',2,'较不符合',4,'一般符合',6,'比较符合',8,'非常符合',10,'',0,10,0,0,'b',4),(759,127,'工作风格',146,'在常规工作时间内，没法完成工作任务时，我会自觉利用下班后或周末加班完成。','自觉加班','很不符合',2,'较不符合',4,'一般符合',6,'比较符合',8,'非常符合',10,'',0,10,0,0,'a',2),(760,127,'工作价值观',147,'工作中设定有挑战的目标，并能够通过不断学习以高标准的要求来完成工作任务。','敢于挑战','不重要',2,'不太重要',4,'一般',6,'比较重要',8,'很重要',10,'',0,10,0,0,'c',6),(761,127,'工作价值观',148,'在工作中你能实行一些我的新想法。','发挥空间','不重要',2,'不太重要',4,'一般',6,'比较重要',8,'很重要',10,'',0,10,0,0,'c',6),(762,127,'工作价值观',149,'如果当业主提出了合同范围以外的要求时，你将如何处理？','增值服务','不予考虑',2,'勉强应付，敷衍了事',4,'尝试沟通，尽量满足业主的要求',6,'分析成本与收益，尽量满足业务的合理要求',8,'全面综合分析成本与收益，与业主诚恳沟通，持续提高业主满意度',10,'',0,10,0,0,'d',8),(763,128,'专业知识',-1,'你具备的职业资格有：',NULL,'1个国家注册类执业资格',5,'2个国家注册类执业资格',10,'3个国家注册类执业资格',15,'3个以上个国家注册类执业资格',20,'',0,'',0,20,0,1,'a',5),(764,128,'专业知识',-1,'你所从事的专业（如建筑、安装、工程管理等）：',NULL,'1个专业领域',5,'2个专业领域',10,'3个专业领域',20,'3个以上专业领域',30,'',0,'',0,30,0,1,'c',20),(765,128,'专业知识',-1,'你目前的职称是：',NULL,'助工',5,'中级',10,'高级',15,'教授级高工',20,'',0,'',0,20,0,1,'b',10),(766,128,'专业知识',-1,'你所获的学历是：',NULL,'大专',5,'本科',10,'双本或硕士',20,'博士',30,'',0,'',0,30,0,1,'c',20),(767,128,'工作经验',-1,'你具备以下_建筑工程行业工作经历',NULL,'1年以下',10,'1年-3年以下',25,'3年-5年',45,'5年-8年',60,'8年-10年',80,'10年及以上',100,100,0,1,'b',25),(768,128,'工作经验',-1,'你所带领过的最大团队规模：',NULL,'5人及以下',10,'6-10人',25,'11-15人',45,'16-25人',60,'25-50人',80,'50人以上',100,100,0,1,'b',25),(769,128,'专业知识',150,'项目经理应使用什么工具来向客户证明最终产品需求满足业务需求？','','工作分解结构',0,'项目范围说明书',0,'需求跟踪矩阵计划',5,'项目管理计划',0,'',0,'',0,5,0,0,'c',5),(770,128,'专业知识',150,'进行活动历时压缩时，你可以在关键路径活动上增加资源。这时必须进一步考虑什么？','','其他活动的延迟',0,'出现新的关键活动',5,'分配给关键路径上其他任务的资源',0,'进度计划中历时最长的任务',0,'',0,'',0,5,0,0,'b',5),(771,128,'专业知识',150,'下面关于“关键路径”说法正确的是？','','关键路径是项目网络图中耗时最短的路径，该历时代表了完成项目的最短时间',0,'关键路径是项目网络图中耗时最长的路径，该历时代表了完成项目的最长时间',0,'关键路径是项目网络图中耗时最短的路径，该历时代表了完成项目的最长时间',0,'关键路径是项目网络图中耗时最长的路径，该历时代表了完成项目的最短时间',5,'',0,'',0,5,0,0,'b',0),(772,128,'工作经验',136,'项目进行到后期，大部分工作基本就绪。也许是在初始阶段需求提得不够严谨，在评测工作结果时你的施工单位突然提出了很多要求的变更。如果要增加要求，很可能会导致项目工作严重拖延。你怎么应对这个局面？','项目变更管理','差',1,'较好',2,'一般',3,'良好',4,'优秀',5,'',0,5,1,0,'dhdhxhr',NULL),(773,128,'工作经验',136,'请用简洁的语言描述一下你的工作经历和所获成绩。','语言组织的流畅性、准确性、连贯性和逻辑性','差',1,'较好',2,'一般',3,'良好',4,'优秀',5,'',0,5,1,0,'dfrer',NULL),(774,128,'工作经验',137,'常言道：男女搭配，干活不累，就是描述一种团队组建的具体方式。请针对工程项目管理的特点，结合自己经验，谈谈项目团队人员搭配组建的具体有效方法。','团队组建','差',1,'较好',2,'一般',3,'良好',4,'优秀',5,'',0,5,1,0,'tery6e',NULL),(775,128,'工作经验',137,'请举例说明你过去做过的一个项目，并说明你如何带领项目团队具体开展工作的？','是否通过授权、激励方式领导下属开展工作','差',1,'较好',2,'一般',3,'良好',4,'优秀',5,'',0,5,1,0,'rdxhyt',NULL),(776,128,'工作技能',138,'你对工程项目中应用的新技术、新工艺、新设备等，你会马上采取多种方式（如向他人请教、通过互联网查询等）去了解。','学习新技术、新工艺','很少，或者不知道该怎么做',2,'较少，或者基本不知道该怎么做',4,'有时是，或者做得不太得心应手',6,'大部分是，而且做得还算不错',8,'每次都是，而且做得很好',10,'',0,10,0,0,'c',6),(777,128,'工作技能',139,'当发现施工进度延期了，作为项目经理，你将采取的纠偏措施主要包括： a.组织措施  b.管理措施  c.经济措施  d.技术措施等。','多元的问题','a',0,'ab',0,'abc',0,'abd',0,'abcd',10,'',0,10,0,0,'c',0),(778,128,'工作技能',140,'目标管理的全过程为： a.总目标设定  b.总目标的层次展开 c.目标完成检查和业绩考评','目标管理','a',0,'b',0,'ab',0,'abc',10,'',0,'',0,10,0,0,'c',0),(779,128,'工作技能',141,'当业主有怨言时，你应该：','冲突管理','打断他的话，并指出其错误之处',2,'同意他的说法，并将错误归咎于其他同事',4,'注意聆听，虽然你认为自己公司错了，但有责任予以否认',6,'注意聆听，判断怨言是否正确，适时应答，表示歉意',8,'注意聆听，判断怨言是否正确，适时应答，并表示歉意以及给予纠正',10,'',0,10,0,0,'c',6),(780,128,'工作技能',142,'你会在项目全程对施工方、供应商等工作的完成情况保持持续地了解、监督。','外部控制','很少，或者不知道该怎么做',2,'较少，或者基本不知道该怎么做',4,'有时是，或者做得不太得心应手',6,'大部分是，而且做得还算不错',8,'每次都是，而且做得很好',10,'',0,10,0,0,'b',4),(781,128,'工作风格',143,'对于企业规章制度中没有明确规定，但属于违背职业道德的行为，你会：','恪守道德准则','忽略漠视',2,'视情况而为',4,'大部分情况下能遵守道德准则',6,'严格遵守道德准则，坚决抵制不道德行为',8,'恪守道德准则，并在项目团队中进行教育与宣传',10,'',0,10,0,0,'e',10),(782,128,'工作风格',144,'我具备个人魅力，在团队中富有号召力，通过言行以身作则影响下属。','以身示范，领袖魅力','很不符合',2,'较不符合',4,'一般符合',6,'比较符合',8,'非常符合',10,'',0,10,0,0,'c',6),(783,128,'工作风格',145,'项目进展过程中，遇到突发事件，我能灵活处理。','灵活性','很不符合',2,'较不符合',4,'一般符合',6,'比较符合',8,'非常符合',10,'',0,10,0,0,'c',6),(784,128,'工作风格',146,'在工作过程中遭遇的突发事件，我会分析事态的轻重缓急，从而提出应对策略，并向上级反映。','拓展工作内涵','很不符合',2,'较不符合',4,'一般符合',6,'比较符合',8,'非常符合',10,'',0,10,0,0,'b',4),(785,128,'工作价值观',147,'工作中设定有挑战的目标，并能够通过不断学习以高标准的要求来完成工作任务。','敢于挑战','不重要',2,'不太重要',4,'一般',6,'比较重要',8,'很重要',10,'',0,10,0,0,'c',6),(786,128,'工作价值观',148,'我能在你的工作范围内自由发挥。','自由性','不重要',2,'不太重要',4,'一般',6,'比较重要',8,'很重要',10,'',0,10,0,0,'c',6),(787,128,'工作价值观',149,'如果业主对你在项目中的表现不满意，你会怎么处理？','业主满意度','忽略漠视',2,'勉强应付',4,'尝试沟通，寻找解决途径',6,'主动沟通，妥善解决矛盾',8,'积极沟通，持续提高业主满意度',10,'',0,10,0,0,'c',6);
/*!40000 ALTER TABLE `paper` ENABLE KEYS */;
UNLOCK TABLES;

--
-- Table structure for table `question`
--

DROP TABLE IF EXISTS `question`;
/*!40101 SET @saved_cs_client     = @@character_set_client */;
/*!40101 SET character_set_client = utf8 */;
CREATE TABLE `question` (
  `id` int(11) NOT NULL AUTO_INCREMENT,
  `code` varchar(25) DEFAULT NULL,
  `question` varchar(255) DEFAULT NULL,
  `index_id` int(11) DEFAULT NULL,
  `des` varchar(100) DEFAULT NULL,
  `option_a` varchar(100) DEFAULT NULL,
  `score_a` int(11) DEFAULT NULL,
  `option_b` varchar(100) DEFAULT NULL,
  `score_b` int(11) DEFAULT NULL,
  `option_c` varchar(100) DEFAULT NULL,
  `score_c` int(11) DEFAULT NULL,
  `option_d` varchar(100) DEFAULT NULL,
  `score_d` int(11) DEFAULT NULL,
  `option_e` varchar(100) DEFAULT NULL,
  `score_e` int(11) DEFAULT NULL,
  `option_f` varchar(100) DEFAULT NULL,
  `score_f` int(11) DEFAULT NULL,
  `top` int(11) DEFAULT NULL,
  `objsub` int(11) DEFAULT '0',
  `flag` int(11) DEFAULT '0',
  PRIMARY KEY (`id`),
  KEY `IndexID` (`index_id`) USING BTREE,
  CONSTRAINT `question-index` FOREIGN KEY (`index_id`) REFERENCES `target` (`id`) ON DELETE CASCADE
) ENGINE=InnoDB AUTO_INCREMENT=415 DEFAULT CHARSET=utf8;
/*!40101 SET character_set_client = @saved_cs_client */;

--
-- Dumping data for table `question`
--

LOCK TABLES `question` WRITE;
/*!40000 ALTER TABLE `question` DISABLE KEYS */;
INSERT INTO `question` VALUES (289,'1','你目前的职称是：',135,NULL,'助工',5,'中级',10,'高级',15,'教授级高工',20,'',0,'',0,20,0,1),(290,'2','你所获的学历是：',135,NULL,'大专',5,'本科',10,'双本或硕士',20,'博士',30,'',0,'',0,30,0,1),(291,'3','你具备的职业资格有：',134,NULL,'1个国家注册类执业资格',5,'2个国家注册类执业资格',10,'3个国家注册类执业资格',15,'3个以上个国家注册类执业资格',20,'',0,'',0,20,0,1),(292,'4','你所从事的专业（如建筑、安装、工程管理等）：',134,NULL,'1个专业领域',5,'2个专业领域',10,'3个专业领域',20,'3个以上专业领域',30,'',0,'',0,30,0,1),(293,'5','你具备以下_建筑工程行业工作经历',136,NULL,'1年以下',10,'1年-3年以下',25,'3年-5年',45,'5年-8年',60,'8年-10年',80,'10年及以上',100,100,0,1),(294,'6','你所带领过的最大团队规模：',137,NULL,'5人及以下',10,'6-10人',25,'11-15人',45,'16-25人',60,'25-50人',80,'50人以上',100,100,0,1),(295,'a6','项目经理与公司高层、中层、操作层三个层级的协作互动取决于下列_因素： a 项目的战略重要性  b 干系人对项目施加影响的能力  c 项目管理成熟度  d 项目管理体系  e组织沟通',150,'','abc',0,'abd',0,'abcd',0,'abcde',5,'',0,'',0,5,0,0),(296,'8','项目经理要与全体团队成员共同研究确定每一成员在各个工作阶段该做什么工作，达到什么标准和质量，以及如何考核奖惩的共识与文件，这属于绩效管理及考核内容当中的    。',150,'','绩效管理计划',5,'绩效沟通',0,'绩效考核与评价',0,'薪酬管理',0,'',0,'',0,5,0,0),(297,'10','在众多跨职能活动中，哪类组织最有效？',150,'','矩阵组织',5,'项目型',0,'职能型',0,'任何组织',0,'',0,'',0,5,0,0),(298,'12','PMI关于项目管理的九大知识领域分别是项目集成管理、项目范围管理、项目时间管理、项目费用管理、项目质量管理、项目人力资源管理、项目沟通管理、项目风险管理、项目_管理。',150,'','采购',5,'进度',0,'过程',0,'冲突',0,'',0,'',0,5,0,0),(299,'14','项目启动阶段最重要的任务是？',150,'','做出正确的立项决定并明确项目目标',5,'明确项目人力资源，确定项目人员名单',0,'确定项目经理的责权',0,'项目通过高层管理者的审批',0,'',0,'',0,5,0,0),(300,'16','_是项目的主导目标。',150,'','约束性目标',0,'激励性目标',0,'决策性目标',0,'成果性目标',5,'',0,'',0,5,0,0),(301,'18','项目范围_。',150,'','只在项目开始时重要',0,'在授权项目的合同或其它文件得以批准后就不再重要了',0,'从项目概念阶段到收尾阶段都应该加以管理和控制',5,'是在项目执行阶段通过变更控制步骤进行处理的问题',0,'',0,'',0,5,0,0),(302,'20','在项目团队会议上，一个小组成员建议扩大工作范围，他的建议已经超越了项目章程中的范围。这时，项目经理指出项目团队应该集中精力完成仅限于需要完成的所有工作。这是一个什么样的例子？',150,'','范围定义',0,'范围管理',5,'项目章程',0,'范围分解',0,'',0,'',0,5,0,0),(303,'22','项目范围说明书在项目管理生命周期中_阶段创建。',150,'','启动',0,'计划',5,'执行',0,'控制',0,'',0,'',0,5,0,0),(304,'24','项目时间管理的主要内容包括：      a.项目活动分解与界定 b.项目活动排序  c.项目活动工期估算  d.项目进度计划制定  e.项目进度计划控制',150,'','abcde',5,'abcd',0,'abce',0,'abc',0,'',0,'',0,5,0,0),(305,'26','进行活动历时压缩时，你可以在关键路径活动上增加资源。这时必须进一步考虑什么？',150,'','其他活动的延迟',0,'出现新的关键活动',5,'分配给关键路径上其他任务的资源',0,'进度计划中历时最长的任务',0,'',0,'',0,5,0,0),(306,'28','详尽的项目进度计划只能在什么工作后创建？',150,'','创建好项目计划',0,'创建好工作分解结构',5,'创建好预算后',0,'创建好项目控制计划',0,'',0,'',0,5,0,0),(307,'30','项目的实施策略在项目的哪个过程中制定？',150,'','启动',0,'计划',5,'执行',0,'控制',0,'',0,'',0,5,0,0),(308,'32','建设工程项目总进度目标论证的工作有：a 项目的工作编码； b  项目结构分析；c 编制各层进度计划；d  进度计划系统的结构分析等。对上述四项工作而言，其正确的工作步骤是：',150,'','b→d→a→c',5,'a→b→d→c',0,'a→c→d→b',0,'b→d→c→a',0,'',0,'',0,5,0,0),(309,'34','下面关于“关键路径”说法正确的是？',150,'','关键路径是项目网络图中耗时最短的路径，该历时代表了完成项目的最短时间',0,'关键路径是项目网络图中耗时最长的路径，该历时代表了完成项目的最长时间',0,'关键路径是项目网络图中耗时最短的路径，该历时代表了完成项目的最长时间',0,'关键路径是项目网络图中耗时最长的路径，该历时代表了完成项目的最短时间',5,'',0,'',0,5,0,0),(310,'36','项目团队应该了解如何利用统计知识进行质量控制。在下面所有涉及的议题中，哪一个是项目团队最需要知道的？',150,'','样本和概率',5,'特性样本和变量样本',0,'公差和控制限度',0,'具体原因和随机原因',0,'',0,'',0,5,0,0),(311,'38','返工是：',150,'','质量控制过程的输入',0,'质量保证过程的输出',0,'使不符合要求的产品符合要求而采取的行动',5,'根据质量控制标准确性进行的调整',0,'',0,'',0,5,0,0),(312,'40','建立建设工程项目质量控制系统时，首先应完成的工作是_',150,'','制定系统质量控制制度',0,'编制系统质量控制计划',0,'分析系统质量控制界面',0,'确立系统质量控制网络',5,'',0,'',0,5,0,0),(313,'42','在正确合理的工程设计的前提下，建设工程质量不合格主要归结为：',150,'','投入的施工生产要素质量不合格以及工序操作质量不合格',0,'工序操作质量不合格以及施工作业质量不合格',0,'投入的施工生产要素质量不合格以及已完施工产品质量检验不合格',0,'投入的施工生产要素质量不合格和施工作业质量不合格',5,'',0,'',0,5,0,0),(314,'44','两名项目团队成员发生人际关系冲突。团队成员A比团队成员B拥有更多职权。团队成员A经常使用该职权来推翻团队成员B的意见。若要长期解决该冲突，项目经理应该使用下面_冲突管理技巧？',150,'','合作/解决问题',5,'强迫/命令',0,'撤退/回避',0,'缓解/包容',0,'',0,'',0,5,0,0),(315,'46','项目经理领导一支快速形成且经验不足的团队。若要提高团队绩效，应该使用下列哪一项技术？',150,'','人员配置管理计划的培训更新',0,'培训、集中办公、认可与奖励',5,'问题日志准备和绩效审查',0,'冲突解决，培训的基本规则',0,'',0,'',0,5,0,0),(316,'48','在处理一个时间敏感项目的资源制约因素问题时，项目经理评估了聘用来自公司不同地理位置团队成员的方案。这个方案有哪些优势？',150,'','减少预算和进度的冲突水平',0,'建立新的全球团队竞争力',0,'提高项目的沟通和交付速度',0,'更多高技能资源的可用性以及减少成本',5,'',0,'',0,5,0,0),(317,'50','项目出现人员绩效问题，最好通过什么手段处理？',150,'','正式书面沟通',0,'正式口头沟通',0,'非正式书面沟通',0,'非正式口头沟通',5,'',0,'',0,5,0,0),(318,'52','项目小组成员如果分布在不同的工作地点，他们就会倾向于不将自己看作团队的一员。为了改变这种情况，项目经理应该 _',150,'','保证小组各个成员用电子邮件作为通讯方式',0,'明确要求小组成员遵循组织的任务安排',0,'通过创造符号或结构，加强地点分散的小组成员的团结',5,'向小组成员提供最先进的通讯方式，并指定其使用方法',0,'',0,'',0,5,0,0),(319,'54','为了项目成功，项目团队通常必须做下列哪项工作_',150,'','使用非结构化的项目管理方法来实现项目要求',0,'在项目范围、时间、成本、质量、资源和风险等相互竞争的要求之间寻找平衡点',5,'使用项目管理过程组中的所有过程，来实现项目目标',0,'满足并超过项目干系人对项目的需要和期望',0,'',0,'',0,5,0,0),(320,'56','某工程合同总额300万元，合同中约定的工程预付款额度为15%，主要材料和构配件所占比重为60%，则该工程预付款的起扣点为_万元。',150,'','135',0,'180',0,'225',5,'255',0,'',0,'',0,5,0,0),(321,'58','招标人和中标人在签订合同的谈判中，为了防范货币贬值或者通货膨胀的风险，一般通过_约定风险承担方式',150,'','调整投标价格',0,'价格调整条款',5,'调整中标价格',0,'调整工作范围',0,'',0,'',0,5,0,0),(322,'60','非承包商原因导致非关键线路上的某项工作延误，如延误时间小于该项工作的总时差，则对此项延误的补偿是 ？',150,'','业主既应给予工期顺延，也应给予费用补偿',0,'业主一般不会给予工期顺延，但给予费用补偿',0,'业主既不会给予工期顺延，也不给予费用补偿',0,'业主一般不会给予工期顺延，但可能给予费用补偿',5,'',0,'',0,5,0,0),(323,'62','建设工程从筹建到竣工交付使用为止的全部建设费用，它反映了建设单位在建设工程的投资效益的是工程竣工    。',150,'','估算',0,'预算',0,'结算',0,'决算',5,'',0,'',0,5,0,0),(324,'64','项目经理开始执行一个两年期的项目。设备仅要在项目最终阶段使用。项目经理必须决定何时采购设备。为了降低与可供性和装运问题有关的风险，一名团队成员向项目经理建议提前一年采购设备。总成本支出将不会有变化。出于以下何种原因，项目经理应该避免该团队成员的建议？',150,'','它影响工作分解结构',0,'它影响完工预算',0,'它降低挣值',0,'它增加流动资本',5,'',0,'',0,5,0,0),(325,'66','工程风险应对策略中采用最多的是_，通常可以通过工程的发包与分包、工程保险以及工程担保来实现。',150,'','风险规避',0,'风险转移',5,'风险缓解',0,'风险自留',0,'风险利用',0,'',0,5,0,0),(326,'68','项目经理确定了哪些风险对项目产生的影响更大，并计划使用敏感性分析模型。项目经理目前处于下列哪一个过程？',150,'','识别风险',0,'实施定量风险分析',5,'风险控制',0,'实施定性风险分析',0,'',0,'',0,5,0,0),(327,'70','在某大型工程项目的施工过程中，由于“下情不能上传，上情不能下达”，导致项目经理不能及时作出正确决策，拖延了工期。为了加快施工进度，项目经理修正了信息传递工作流程。这种纠偏措施属于动态控制的_。',150,'','技术措施',0,'管理措施',0,'经济措施',0,'组织措施',5,'',0,'',0,5,0,0),(328,'72','变更请求可能来自：',150,'','对项目章程的审核',0,'对执行项目的组织的战略计划的回顾',0,'项目团队解决问题的技能要行以提高',0,'范围定义出错或遗漏',5,'',0,'',0,5,0,0),(329,'74','你负责管理一个大项目，涉及到20个内部主要干系人，他们分别代表7个大公司。这个大项目涉及到8个不同的承包商，他们的工作必须相互协调。你直接管理的项目团队有五个团队领导。每个团队领导各带领一支由15人组成的团队。因此，你认识到必须投入大量的精力进行有效的整体变更控制。这意味着你主要关心：',150,'','引发变更的影响因素，判断变更发生以及变更发生后对实际变更的管理',5,'保持基准线的整体性，整合产品和项目的范围，在各个不同的知识领域之间协调变更',0,'整合来自项目的不同职能部门的可交付成果',0,'建立一个变更委员会来监视所有的项目变更',0,'',0,'',0,5,0,0),(330,'76','对建设项目投资项（或者成本项）信息进行编码时，适宜的做法是：',150,'','综合考虑投资方、承包商要求进行编码',0,'综合考虑概算、预算、标底、合同价、工程支付等因素建立编码',5,'根据概算定额确定的分部分项工程进行编码',0,'根据预算定额确定的分部分项工程进行编码',0,'',0,'',0,5,0,0),(331,'78','作为一个项目沟通管理过程，项目收尾包含审核和归档项目结果，由客户对项目产品进行正式验收，项目收尾活动产生的输出包括：',150,'','项目档案、正式验收、经验教训',5,'变更请求、项目记录、经验教训',0,'经验教训、绩效报告、变更请求',0,'沟通管理计划、变更请求、项目档案',0,'',0,'',0,5,0,0),(332,'80','验收工作应在何时进行？',150,'','各次评审时',0,'各次付款前',0,'重要交付物完成时或阶段结束时',5,'项目结束时',0,'',0,'',0,5,0,0),(333,'82','项目交付物：',150,'','是由外部人员向项目提交的基础文档或实物，由该任务的负责方负责提交',0,'是由外部人员向项目提交的基础文档或实物，由项目经理负责收取',0,'是由项目最终完成的结果，由项目经理负责提交',5,'是由项目最终完成的结果，由参与项目的各方人员共同负责提交',0,'',0,'',0,5,0,0),(334,'84','项目经理应使用什么工具来向客户证明最终产品需求满足业务需求？',150,'','工作分解结构',0,'项目范围说明书',0,'需求跟踪矩阵计划',5,'项目管理计划',0,'',0,'',0,5,0,0),(335,'85','你对自己的优势和劣势有充分认识，并能扬长避短吗？',138,'对自己的优势和劣势有充分认识','很少，或者不知道该怎么做',2,'较少，或者基本不知道该怎么做',4,'有时是，或者做得不太得心应手',6,'大部分是，而且做得还算不错',8,'每次都是，而且做得很好',10,'',0,10,0,0),(336,'86','对于开展的全过程工程咨询项目，你对此有向别人或借用其他手段去了解的经历吗？',138,'好奇心强，喜欢提问题','很少，或者不知道该怎么做',2,'较少，或者基本不知道该怎么做',4,'有时是，或者做得不太得心应手',6,'大部分是，而且做得还算不错',8,'每次都是，而且做得很好',10,'',0,10,0,0),(337,'87','你在工作中碰到了新的专业技术问题，你将采取怎样的方式去处理？',138,'有较强的学习愿望','试图解决，但有点茫然不知所措',2,'利用自己已有经验或知识去处理',4,'学习他人的经验和做法去处理',6,'通过自己寻找新知识去处理',8,'在公司内充当新技术、新知识的倡导者和传播者',10,'',0,10,0,0),(338,'88','工程项目每进入下一阶段工作前，你都会组织项目部人员进行学习和工作交底。',138,'组织项目成员自主学习','很少，或者不知道该怎么做',2,'较少，或者基本不知道该怎么做',4,'有时是，或者做得不太得心应手',6,'大部分是，而且做得还算不错',8,'每次都是，而且做得很好',10,'',0,10,0,0),(339,'89','你对工程项目中应用的新技术、新工艺、新设备等，你会马上采取多种方式（如向他人请教、通过互联网查询等）去了解。',138,'学习新技术、新工艺','很少，或者不知道该怎么做',2,'较少，或者基本不知道该怎么做',4,'有时是，或者做得不太得心应手',6,'大部分是，而且做得还算不错',8,'每次都是，而且做得很好',10,'',0,10,0,0),(340,'90','你每天都会花一定的时间进行有关专业书籍等资料的阅读？',138,'主动学习，日常积累','基本没有时间',2,'较少时间',4,'一半时间',6,'较多时间',8,'很多时间',10,'',0,10,0,0),(341,'91','你在工作中有强烈学习愿望，乐于承担全新的、挑战性的岗位，找到个人发展方向。',138,'持续学习愿望，接受挑战','很少，或者不知道该怎么做',2,'较少，或者基本不知道该怎么做',4,'有时是，或者做得不太得心应手',6,'大部分是，而且做得还算不错',8,'每次都是，而且做得很好',10,'',0,10,0,0),(342,'92','我们有项目计划，并对施工单位提出时间要求，他们编出进度计划，我们只是会对照检查就是了。',139,'单一的问题','很少，或者不知道该怎么做',2,'较少，或者基本不知道该怎么做',4,'有时是，或者做得不太得心应手',6,'大部分是，而且做得还算不错',8,'每次都是，而且做得很好',10,'',0,10,0,0),(343,'93','下列施工成本管理措施中，属于经济措施的有： a.明确成本管理人员的工作任务和责权利  b.对不同的技术方案进行技术经济分析  c.编制资金使用计划，确定施工成本管理目标  d. 通过偏差原因分析，预测未完工程施工成本  e.防止分包商的索赔',139,'多样的问题','ac',0,'ab',0,'cd',10,'bcd',0,'cde',0,'',0,10,0,0),(344,'94','当发现施工进度延期了，作为项目经理，你将采取的纠偏措施主要包括： a.组织措施  b.管理措施  c.经济措施  d.技术措施等。',139,'多元的问题','a',0,'ab',0,'abc',0,'abd',0,'abcd',10,'',0,10,0,0),(345,'95','在设计管理中应用价值工程时需要注意以下问题：     a.分析功能需求要研究彻底；b.设计理念要与时俱进；c.最高功能需求与舒适性需求相关；d.功能要求要以人为本；e.功能要与价值相匹配。',139,'非常规的问题','a',0,'ab',0,'abc',0,'abde',10,'abcde',0,'',0,10,0,0),(346,'96','降低成本的常见措施为：    a.优化技术方案  b.优化施工进度计划  c.降低材料设备价格  d.重新选择承包商或供应商  e.在符合合同要求的前提下调整施工质量标准  f.工程范围变更、调整工程量 g索赔',139,'挑战的问题','abc',0,'abcd',0,'abcde',0,'abcdef',0,'abcdefg',10,'',0,10,0,0),(347,'97','假如你现在所在项目工期十分紧张，合同即将到期，而业主已定了项目竣工日期，但就在这关键的时刻，由于施工单位的工人一时疏忽，电焊时导致临时堆放的材料着火，幸运的是火势很快被控制住，没有人员伤亡和很大的经济损失。你会怎么处理？',139,'突发的问题','认为此事算不了大事，对此事暂不追究，要求施工单位继续加紧施工',2,'认为此事不太严重，进行口头警告即可，仍要求按原计划施工',4,'认为此事不太严重，责令施工方采取简单的经济处罚措施，仍要求按原计划施工',6,'认为此事较为严重，责令施工方查清原因及责任，并采取相应经济处罚措施，要求整改后按原计划施工',8,'认为此事较为严重，责令施工方查清原因和责任，并采取安全教育和培训、经济处罚等有效措施，必要时要求施工方停工整改',10,'',0,10,0,0),(348,'98','目标管理的全过程为： a.总目标设定  b.总目标的层次展开 c.目标完成检查和业绩考评',140,'目标管理','a',0,'b',0,'ab',0,'abc',10,'',0,'',0,10,0,0),(349,'99','为什么要在项目初期识别项目的假定因素（assumption）并形成文档？',140,'策划','为了分清责任并便于各方签字',0,'为了对项目的关键依赖条件或因素提前作好准备，并方便不断跟踪',10,'为了落实相关的责任并方便检查',0,'为了通知相关的各方并进行文档化记录',0,'',0,'',0,10,0,0),(350,'100','估计工期有时会用到“三点法”。所谓三点，是指：',140,'工期计划','最乐观点、最悲观点、最可能点',10,'工作紧张点、工作清闲点、正常点',0,'项目范围、时间、成本',0,'项目前、中、后三个时点',0,'',0,'',0,10,0,0),(351,'101','你负责管理一个为期两年的项目，现在已经进行到了项目的第二年。自项目开始以来，在项目的一些角色和和责任方面都发生了一些改变，一些团队中途离开了，也有一些人被补充进来了，还有几个完成的工作包没有得到必需的确认。一些团队成员认为，他们应该负责评估一些工作包，至少提供一些输入资料。同时项目有一名关键成员突然离队，这使得三个工作包的进度拖后了5周，你好像还不知道该由谁来负责项目的各个行动。为了掌握对项目的控制权，你需要：',140,'项目范围','根据当前的资源需求重新设定员工分配管理计划',0,'把组织结构改变成项目型组织以最大程度地控制资源分配的控制程度',0,'同项目团队一起制作一个责任分配矩阵',10,'另设一个部门，专人负责一些比较关键的问题',0,'',0,'',0,10,0,0),(352,'102','人力资源管理计划作为项目管理计划的一部分，其提供了关于如何定义、配备、管理及最终遣散项目人力资源的指南。其中人力资源管理计划包括（但不限于）以下内容：a.角色 b.职权  c.职责  d.能力',140,'组织计划','ab',0,'abc',0,'acd',0,'abcd',10,'',0,'',0,10,0,0),(353,'103','你为新项目组建的项目小组，包括4个全职人员和4个兼职人员。所有小组人员相互认识并在过去一起共事过。为了项目启动顺利，你的第一步是：',140,'组建项目','同每个小组成员单独会面，讨论任务分配',0,'准备一个责任分配矩阵并发给每个成员',0,'将项目计划和工作分解结构分发给小组成员',0,'举行项目动员大会',10,'',0,'',0,10,0,0),(354,'104','当项目团队成员既要对职能经理又要对项目经理负责时，团队建设通常十分复杂。这种双重报告关系的有效管理通常是谁的职责？',141,'沟通管理','涉及到的小组成员',0,'项目经理',10,'项目业主或发起人',0,'职能经理',0,'',0,'',0,10,0,0),(355,'105','作为一名项目经理，你了解一些不同的冲突解决方法。你现在的项目小组的两名成员就防风暴护窗的安装问题发生分歧。他们拒绝听取对方的意见。虽然当时是三月，飓风季节六月才来到，一场不同寻常的风暴不到8小时就会袭击当地。必须马上安装防护窗，否则整个项目都会遭到破坏。最合适的解决冲突的方法是：',141,'冲突管理','双方通融',0,'折中',0,'合作',0,'强制',10,'',0,'',0,10,0,0),(356,'106','当项目组其他成员由于出发点不同，对某些问题的看法与你不一致时。',141,'倾听与反馈能力','漠视忽略',2,'勉强接受，敷衍了事',4,'积极聆听他人的意见和建议，乐于接受他人意见',6,'能够理解他人的立场，并有技巧地提出建设性意见',8,'能适时地改变自己的言行，对他人关注的问题提供帮助或建议',10,'',0,10,0,0),(357,'107','你手头有许多重要工作，你的领导又交给你一项任务，而你没有多余的时间，你如何处理这件事？',141,'沟通协调','拒绝新任务',2,'勉强接受新任务，敷衍了事',4,'接受新任务，尽量完成',6,'接受新任务，同时和领导讲明该工作对本职工作的影响',8,'分清轻重缓急，妥善处理好与本职工作的关系',10,'',0,10,0,0),(358,'108','每次向他人下达任务时你会详细说明任务的目标和你的具体要求，并且与执行者确认其理解与你的一致。',141,'表达能力','很少，或者不知道该怎么做',2,'较少，或者基本不知道该怎么做',4,'有时是，或者做得不太得心应手',6,'大部分是，而且做得还算不错',8,'每次都是，而且做得很好',10,'',0,10,0,0),(359,'109','你的下属最近一段时间经常请假，今天又来请假，你会如何跟他谈？',141,'管理协调','允许请假，忽略漠视',2,'勉强允许请假，但考勤扣分',4,'与员工沟通请假原因，酌情考虑',6,'与员工积极沟通，希望员工以公司利益为重',8,'双方充分沟通，说服员工平衡个人与工作的关系，维护组织利益',10,'',0,10,0,0),(360,'110','当业主正在讨论，而且很明显，他所说的是错误的，你应该：',141,'冲突管理','打断他的话，并予以纠正',2,'利用反问以使他自己发觉错误',4,'聆听然后改正话题',6,'聆听并找出错误之处',8,'聆听，并指出错误之处，晓之以理',10,'',0,10,0,0),(361,'111','当业主有怨言时，你应该：',141,'冲突管理','打断他的话，并指出其错误之处',2,'同意他的说法，并将错误归咎于其他同事',4,'注意聆听，虽然你认为自己公司错了，但有责任予以否认',6,'注意聆听，判断怨言是否正确，适时应答，表示歉意',8,'注意聆听，判断怨言是否正确，适时应答，并表示歉意以及给予纠正',10,'',0,10,0,0),(362,'112','假如业主询问你有关项目的问题，你不知道如何回答，你将：',141,'学习沟通','给他一个听来很好的答案',2,'以你认为对的答案，用好像了解的样子回答',4,'承认你缺乏这方面的知识',6,'答应将问题转呈给上级领导',8,'承认你缺乏这方面的知识，然后去找正确答案',10,'',0,10,0,0),(363,'113','在你的项目中作出了有关范围变更的相关规定，以防止无节制地、不受控地、不合理地进行范围变更。如果范围变更主要是客户提出的，则在项目中你会与客户就范围变更事宜进行某种形式的约定。',142,'合约管理','很少，或者不知道该怎么做',2,'较少，或者基本不知道该怎么做',4,'有时是，或者做得不太得心应手',6,'大部分是，而且做得还算不错',8,'每次都是，而且做得很好',10,'',0,10,0,0),(364,'114','你对所从事项目的常见风险及其常见应对措施很熟悉。',142,'风险识别与防范','不太熟悉',2,'了解一些',4,'对主要的风险比较熟知',6,'基本都熟悉',8,'全面熟悉',10,'',0,10,0,0),(365,'115','只要项目某干系人完成了项目某交付物或提交了某些中间成果，你都会安排对这些工作成果进行质量检查（如审阅、检测、查看、评审等）。',142,'过程监控','很少，或者不知道该怎么做',2,'较少，或者基本不知道该怎么做',4,'有时是，或者做得不太得心应手',6,'大部分是，而且做得还算不错',8,'每次都是，而且做得很好',10,'',0,10,0,0),(366,'116','你会在项目全程对施工方、供应商等工作的完成情况保持持续地了解、监督。',142,'外部控制','很少，或者不知道该怎么做',2,'较少，或者基本不知道该怎么做',4,'有时是，或者做得不太得心应手',6,'大部分是，而且做得还算不错',8,'每次都是，而且做得很好',10,'',0,10,0,0),(367,'117','对于发现的各方面工作偏差（如时间、质量、成本、范围等），你会马上采取纠偏措施（如责成改正、补救、调整计划、制定新标准等）。',142,'纠偏举措','很少，或者不知道该怎么做',2,'较少，或者基本不知道该怎么做',4,'有时是，或者做得不太得心应手',6,'大部分是，而且做得还算不错',8,'每次都是，而且做得很好',10,'',0,10,0,0),(368,'118','我的同事或朋友都认为我是一个值得信赖的人。',143,'值得信赖','很不符合',2,'较不符合',4,'一般符合',6,'比较符合',8,'非常符合',10,'',0,10,0,0),(369,'119','尽管有时承诺别人的事会给自己带来痛苦，但我从不食言。',143,'信守承诺','很不符合',2,'较不符合',4,'一般符合',6,'比较符合',8,'非常符合',10,'',0,10,0,0),(370,'120','在工作中你看到别人违反制度和规定，你怎么办？',143,'遵守企业规章制度','忽略漠视',2,'提醒当事人',4,'指出问题，提醒当事人',6,'在项目团队中加以警示，并向领导反映',8,'引以为戒，并在项目团队中进行教育与宣传',10,'',0,10,0,0),(371,'121','项目人员不应向施工方索要礼品，如对方主动赠送应婉言谢绝，无法谢绝的应该：',143,'拒绝商业贿赂','收下归自己所有',2,'收下后上交公司',4,'及时汇报',6,'先收下，后退回',8,'先收下，后退回，并在项目团队中加以警示',10,'',0,10,0,0),(372,'122','对于企业规章制度中没有明确规定，但属于违背职业道德的行为，你会：',143,'恪守道德准则','忽略漠视',2,'视情况而为',4,'大部分情况下能遵守道德准则',6,'严格遵守道德准则，坚决抵制不道德行为',8,'恪守道德准则，并在项目团队中进行教育与宣传',10,'',0,10,0,0),(373,'123','假设你负责某项招投标采购工作，在确保产品质量达到标准且价格低于其他供应商的情况下，你帮助一位客户成为公司的供应商。事后，那位客户私底下找到你，送给你一笔佣金表示感谢，并且保证这件事只有他和你两个人知道。这时，你会怎么办？',143,'职业操守','在确保只有你们两个人知道的情况下，收下那笔佣金',2,'那位客户能成为你们公司的供应商，是因为他的产品在质量和价格上的确有优势，而不是你徇私舞弊的结果，收下也没关系',4,'收下佣金，然后交给公司',6,'收下后又退回',8,'坚决不收佣金',10,'',0,10,0,0),(374,'124','我每月至少有一次与团队成员进行一对一绩效面谈，了解团队风格及特点，敏锐洞察下属的思想动态，情绪波动，并及时引导，在留住优秀人才、培养后备力量方面有方法。',144,'培养下属','很不符合',2,'较不符合',4,'一般符合',6,'比较符合',8,'非常符合',10,'',0,10,0,0),(375,'125','我会给予下属一定学习、成长上指导、监督，推动下属学习习惯的建立，关键时刻能指导部属解决困难。',144,'团队领导','很不符合',2,'较不符合',4,'一般符合',6,'比较符合',8,'非常符合',10,'',0,10,0,0),(376,'126','我能根据团队特点及任务所需进行合理工作安排，给予部属自我成长空间，并在过程中能够成分信任部属合理授权，任务到人，善于抓住重点，监控关键节点。',144,'授权','很不符合',2,'较不符合',4,'一般符合',6,'比较符合',8,'非常符合',10,'',0,10,0,0),(377,'127','我具备个人魅力，在团队中富有号召力，通过言行以身作则影响下属。',144,'以身示范，领袖魅力','很不符合',2,'较不符合',4,'一般符合',6,'比较符合',8,'非常符合',10,'',0,10,0,0),(378,'128','你的下属有个约会，你却不得不请他加班工作，你会怎么说?',144,'团队管理','必须写完这份报告，不然就不要下班了',2,'我明知这是不情之请，拜托了',4,'把约会取消吧，打完这份报告就请你吃饭',6,'上头吩咐，今天非把这份报告发出不可',8,'我相信这项工作只有你才可以做好',10,'',0,10,0,0),(379,'129','项目进展过程中，遇到突发事件，我能灵活处理。',145,'灵活性','很不符合',2,'较不符合',4,'一般符合',6,'比较符合',8,'非常符合',10,'',0,10,0,0),(380,'130','在工作过程中出现困难与挑战时，我始终能泰然处之。',145,'沉着冷静','很不符合',2,'较不符合',4,'一般符合',6,'比较符合',8,'非常符合',10,'',0,10,0,0),(381,'131','假如你被上级安排到一个新项目后，工作环境与你希望的相比有较大差距，你将如何选择？',145,'适应性','提出更换工作',2,'在新工作环境中消极怠工',4,'在新工作环境中尝试适应',6,'清楚应对变化所需的资源，并能借助这些资源应对变化，克服工作困难，并达成工作目标',8,'逐渐改变与创造有利于工作的环境，实现最佳工作绩效',10,'',0,10,0,0),(382,'132','在公司全体大会上，你未料到会被邀请发言，在毫无准备的情况下，你会：',145,'应变性','双手发抖，结结巴巴说不出话来',2,'很平淡地谢绝了',4,'感到意外，简短地讲几句',6,'致谢并发言',8,'感到荣幸，做了精彩的发言',10,'',0,10,0,0),(383,'133','在整个项目管理的全周期范围内，我都积极主动地去做一切可以或者有助于完成目标的工作或者尝试。',146,'积极主动','很不符合',2,'较不符合',4,'一般符合',6,'比较符合',8,'非常符合',10,'',0,10,0,0),(384,'134','在工作过程中遭遇的突发事件，我会分析事态的轻重缓急，从而提出应对策略，并向上级反映。',146,'拓展工作内涵','很不符合',2,'较不符合',4,'一般符合',6,'比较符合',8,'非常符合',10,'',0,10,0,0),(385,'135','在常规工作时间内，没法完成工作任务时，我会自觉利用下班后或周末加班完成。',146,'自觉加班','很不符合',2,'较不符合',4,'一般符合',6,'比较符合',8,'非常符合',10,'',0,10,0,0),(386,'a136','我的工作使我有不断获得成功的感觉。',147,'工作成就感','不重要',2,'不太重要',4,'一般',6,'比较重要',8,'很重要',10,'',0,10,0,0),(387,'a137','我能从工作成果中知道我做得不错。',147,'工作成果','不重要',2,'不太重要',4,'一般',6,'比较重要',8,'很重要',10,'',0,10,0,0),(388,'a138','我可以看见我努力工作的成果。',147,'工作反馈','不重要',2,'不太重要',4,'一般',6,'比较重要',8,'很重要',10,'',0,10,0,0),(389,'a139','我的工作成果常常能得到上级、同事或社会的肯定。',147,'工作认可','不重要',2,'不太重要',4,'一般',6,'比较重要',8,'很重要',10,'',0,10,0,0),(390,'a140','以下哪种描述最符合你的工作态度？',147,'工作热情','工作热情时高时低，缺乏进取精神',2,'在别人带动下能激起工作热情，但不能持久',4,'有一定的工作热情，有提高自己业务水平的愿望和行动',6,'有一定的进取心，工作热情高，肯钻研，舍得下苦功',8,'无论是在顺境或逆境下，始终保持明确的奋斗目标和旺盛的工作热情，刻苦钻研，积极进取',10,'',0,10,0,0),(391,'a141','工作中设定有挑战的目标，并能够通过不断学习以高标准的要求来完成工作任务。',147,'敢于挑战','不重要',2,'不太重要',4,'一般',6,'比较重要',8,'很重要',10,'',0,10,0,0),(392,'a142','我能够在工作过程中不断总结创新，并能够将其应用于以后的工作中，不断追求卓越。',147,'创新','不重要',2,'不太重要',4,'一般',6,'比较重要',8,'很重要',10,'',0,10,0,0),(393,'a143','我能在你的工作范围内自由发挥。',148,'自由性','不重要',2,'不太重要',4,'一般',6,'比较重要',8,'很重要',10,'',0,10,0,0),(394,'a144','在工作中你能实行一些我的新想法。',148,'发挥空间','不重要',2,'不太重要',4,'一般',6,'比较重要',8,'很重要',10,'',0,10,0,0),(395,'a145','工作中发展出自己的办事方式，在不受监督下能约束自己，靠自己去完成工作。',148,'自我约束','不重要',2,'不太重要',4,'一般',6,'比较重要',8,'很重要',10,'',0,10,0,0),(396,'a146','在工作中，我为业主方服务，使业主感到满意，我自己也很高兴。',149,'服务意愿','不重要',2,'不太重要',4,'一般',6,'比较重要',8,'很重要',10,'',0,10,0,0),(397,'a147','如果业主对你在项目中的表现不满意，你会怎么处理？',149,'业主满意度','忽略漠视',2,'勉强应付',4,'尝试沟通，寻找解决途径',6,'主动沟通，妥善解决矛盾',8,'积极沟通，持续提高业主满意度',10,'',0,10,0,0),(398,'a148','如果当业主提出了合同范围以外的要求时，你将如何处理？',149,'增值服务','不予考虑',2,'勉强应付，敷衍了事',4,'尝试沟通，尽量满足业主的要求',6,'分析成本与收益，尽量满足业务的合理要求',8,'全面综合分析成本与收益，与业主诚恳沟通，持续提高业主满意度',10,'',0,10,0,0),(399,'b138','请用简洁的语言描述一下你的工作经历和所获成绩。',136,'语言组织的流畅性、准确性、连贯性和逻辑性','差',1,'较好',2,'一般',3,'良好',4,'优秀',5,'',0,5,1,0),(400,'b139','为什么项目成败主要依靠项目经理',136,'对综合管理能力的理解','差',1,'较好',2,'一般',3,'良好',4,'优秀',5,'',0,5,1,0),(401,'b140','请谈谈所做项目中印象最深刻或者个人收获最多的一个项目。请说明理由并谈谈你的收获。',136,'项目经验','差',1,'较好',2,'一般',3,'良好',4,'优秀',5,'',0,5,1,0),(402,'b141','请针对你熟悉或经历过的一个项目，描述该项目的目标、工作范围、进度计划、成本以及其他条件，项目实施状况、项目的预期收益。',136,'从业经历、职责','差',1,'较好',2,'一般',3,'良好',4,'优秀',5,'',0,5,1,0),(403,'b142','请谈谈你以前的工作经验，你从中学到了什么，这对你从事项目管理工作有什么帮助？',136,'工作认知','差',1,'较好',2,'一般',3,'良好',4,'优秀',5,'',0,5,1,0),(404,'b143','假设项目需要的设备已经晚了两个星期了，现在还不知道什么时候到货，采购部门那帮伙计说他们也无能为力。你会怎么处理呢？',136,'项目经验','差',1,'较好',2,'一般',3,'良好',4,'优秀',5,'',0,5,1,0),(405,'b144','项目进行到后期，大部分工作基本就绪。也许是在初始阶段需求提得不够严谨，在评测工作结果时你的施工单位突然提出了很多要求的变更。如果要增加要求，很可能会导致项目工作严重拖延。你怎么应对这个局面？',136,'项目变更管理','差',1,'较好',2,'一般',3,'良好',4,'优秀',5,'',0,5,1,0),(406,'b145','某供应商所负责的项目已经落实计划近一个月了，你希望在最后的三个月的时间里把时间进度追回。但供应商的项目经理提出了很多理由说无法按时完成，如技术有难度、人手不足、设备无法按时到货等。你怎么办？',136,'供应商管理','差',1,'较好',2,'一般',3,'良好',4,'优秀',5,'',0,5,1,0),(407,'b146','为了调动员工的工作积极性，你会采取什么措施来激励本项目员工？',137,'是否善于激励下属','差',1,'较好',2,'一般',3,'良好',4,'优秀',5,'',0,5,1,0),(408,'b147','请举例说明你过去做过的一个项目，并说明你如何带领项目团队具体开展工作的？',137,'是否通过授权、激励方式领导下属开展工作','差',1,'较好',2,'一般',3,'良好',4,'优秀',5,'',0,5,1,0),(409,'b148','你认为一个高效团队的构成要素有哪些，而你又是如何对待难以管理的团队成员的？',137,'团队领导能力','差',1,'较好',2,'一般',3,'良好',4,'优秀',5,'',0,5,1,0),(410,'b149','上级来检查项目现场工作，请说说你是如何策划组织项目成员开展检查工作汇报的？',137,'是否善于发动项目成员以解决问题','差',1,'较好',2,'一般',3,'良好',4,'优秀',5,'',0,5,1,0),(411,'b150','你如何确保项目的目标、任务能反映到项目部员工的工作目标中去？',137,'是否通过目标分解方式领导项目成员开展工作','差',1,'较好',2,'一般',3,'良好',4,'优秀',5,'',0,5,1,0),(412,'b151','常言道：男女搭配，干活不累，就是描述一种团队组建的具体方式。请针对工程项目管理的特点，结合自己经验，谈谈项目团队人员搭配组建的具体有效方法。',137,'团队组建','差',1,'较好',2,'一般',3,'良好',4,'优秀',5,'',0,5,1,0),(413,'b152','由于领导对你的项目提出了新的战略要求，你的项目后期工作将会非常紧张，而且没有更多的人手，你只能从内部挖掘资源。你发现何兰工作量不大，于是决定让何兰承担更多的任务，但何兰对新的工作要求却持消极态度，你该如何去做？',137,'鼓励年轻团队成员承担有挑战性的工作','差',1,'较好',2,'一般',3,'良好',4,'优秀',5,'',0,5,1,0),(414,'b153','对照项目进度表，你发现项目整体进度延迟了，为了赢回时间，你决定安排大家加班，但张军表示不愿加班。如果张军不加班，势必会影响其他团队成员，你该如何处理呢？',137,'如何说服团队成员一起加班','差',1,'较好',2,'一般',3,'良好',4,'优秀',5,'',0,5,1,0);
/*!40000 ALTER TABLE `question` ENABLE KEYS */;
UNLOCK TABLES;

--
-- Table structure for table `target`
--

DROP TABLE IF EXISTS `target`;
/*!40101 SET @saved_cs_client     = @@character_set_client */;
/*!40101 SET character_set_client = utf8 */;
CREATE TABLE `target` (
  `id` int(11) NOT NULL AUTO_INCREMENT,
  `post` varchar(25) DEFAULT NULL,
  `index_f` varchar(25) DEFAULT NULL,
  `index_s` varchar(25) DEFAULT NULL,
  `num_obj` int(11) DEFAULT '0',
  `num_sub` int(11) DEFAULT '0',
  `total` int(11) DEFAULT '0',
  `allnum_obj` int(11) DEFAULT '0' COMMENT '客观题题库总量',
  `allnum_sub` int(11) DEFAULT '0' COMMENT '主观题题库总量',
  PRIMARY KEY (`id`),
  KEY `post-key` (`post`),
  KEY `index_s-key` (`index_s`)
) ENGINE=InnoDB AUTO_INCREMENT=151 DEFAULT CHARSET=utf8;
/*!40101 SET character_set_client = @saved_cs_client */;

--
-- Dumping data for table `target`
--

LOCK TABLES `target` WRITE;
/*!40000 ALTER TABLE `target` DISABLE KEYS */;
INSERT INTO `target` VALUES (134,'项目经理','专业知识','专业广度',2,0,0,2,0),(135,'项目经理','专业知识','专业深度',2,0,0,2,0),(136,'项目经理','工作经验','行业工作经验',1,2,0,1,8),(137,'项目经理','工作经验','团队领导经验',1,2,0,1,8),(138,'项目经理','工作技能','主动学习',1,0,0,7,0),(139,'项目经理','工作技能','解决问题',1,0,0,6,0),(140,'项目经理','工作技能','策划与组织',1,0,0,6,0),(141,'项目经理','工作技能','沟通与协调',1,0,0,9,0),(142,'项目经理','工作技能','把控能力',1,0,0,5,0),(143,'项目经理','工作风格','正直诚信',1,0,0,6,0),(144,'项目经理','工作风格','领导能力',1,0,0,5,0),(145,'项目经理','工作风格','适应性',1,0,0,4,0),(146,'项目经理','工作风格','主动性',1,0,0,3,0),(147,'项目经理','工作价值观','成就动机',1,0,0,7,0),(148,'项目经理','工作价值观','独立自主',1,0,0,3,0),(149,'项目经理','工作价值观','服务意识',1,0,0,3,0),(150,'项目经理','专业知识','专业广度&专业深度',3,0,0,40,0);
/*!40000 ALTER TABLE `target` ENABLE KEYS */;
UNLOCK TABLES;

--
-- Table structure for table `tester`
--

DROP TABLE IF EXISTS `tester`;
/*!40101 SET @saved_cs_client     = @@character_set_client */;
/*!40101 SET character_set_client = utf8 */;
CREATE TABLE `tester` (
  `id` int(11) NOT NULL AUTO_INCREMENT,
  `name` varchar(25) DEFAULT '',
  `email` varchar(50) DEFAULT '',
  `tele` char(11) DEFAULT '',
  `post` varchar(25) DEFAULT NULL,
  `num_obj` int(11) DEFAULT NULL,
  `num_sub` int(11) DEFAULT NULL,
  `time` datetime DEFAULT CURRENT_TIMESTAMP,
  `teacher` varchar(25) DEFAULT '',
  `total_obj` int(11) DEFAULT '0',
  `total_sub` int(11) DEFAULT '0',
  `total` int(11) DEFAULT '0',
  `know_score` int(11) DEFAULT '0',
  `experience_score` int(11) DEFAULT '0',
  `skill_score` int(11) DEFAULT '0',
  `style_score` int(11) DEFAULT '0',
  `total_paper` int(11) DEFAULT '0',
  `value_score` int(11) DEFAULT '0',
  `sub_paper` int(11) DEFAULT '0',
  `obj_paper` int(11) DEFAULT '0',
  `know_paper` int(11) DEFAULT '0',
  `experience_paper` int(11) DEFAULT '0',
  `skill_paper` int(11) DEFAULT '0',
  `style_paper` int(11) DEFAULT '0',
  `value_paper` int(11) DEFAULT '0',
  PRIMARY KEY (`id`)
) ENGINE=InnoDB AUTO_INCREMENT=129 DEFAULT CHARSET=utf8;
/*!40101 SET character_set_client = @saved_cs_client */;

--
-- Dumping data for table `tester`
--

LOCK TABLES `tester` WRITE;
/*!40000 ALTER TABLE `tester` DISABLE KEYS */;
INSERT INTO `tester` VALUES (122,'张健','sfds@fdsf.fd','22222222222','项目经理',21,NULL,'2018-10-31 02:56:35','xsg',395,4,399,105,184,40,40,475,30,20,435,115,220,50,40,30),(123,'zxc','zcx@q.com','11111111111','项目经理',21,NULL,'2018-10-31 23:22:20','王凌霄',260,16,276,50,156,28,18,475,24,20,435,115,220,50,40,30),(124,'张健','fdsf@re.fd','22222222222','项目经理',21,NULL,'2018-11-03 23:31:04','',370,0,0,110,140,50,40,455,30,0,435,115,200,50,40,30),(125,'小米','fdf@fd.fd','33333333333','项目经理',21,NULL,'2018-11-04 00:38:54','',311,0,0,95,120,36,36,455,24,0,435,115,200,50,40,30),(126,'我哈哈','wlike761@761.com','12345678994','项目经理',21,NULL,'2019-03-09 11:21:01','',213,0,0,55,90,22,24,455,22,0,435,115,200,50,40,30),(127,'刘耀文','85091762@qq.com','18001607372','项目经理',21,NULL,'2019-05-18 15:37:49','',221,0,0,50,105,24,22,455,20,0,435,115,200,50,40,30),(128,'sf','1111111111@qq.com','17822564372','项目经理',21,NULL,'2019-05-31 19:17:56','',175,0,0,65,50,16,26,455,18,0,435,115,200,50,40,30);
/*!40000 ALTER TABLE `tester` ENABLE KEYS */;
UNLOCK TABLES;
/*!40103 SET TIME_ZONE=@OLD_TIME_ZONE */;

/*!40101 SET SQL_MODE=@OLD_SQL_MODE */;
/*!40014 SET FOREIGN_KEY_CHECKS=@OLD_FOREIGN_KEY_CHECKS */;
/*!40014 SET UNIQUE_CHECKS=@OLD_UNIQUE_CHECKS */;
/*!40101 SET CHARACTER_SET_CLIENT=@OLD_CHARACTER_SET_CLIENT */;
/*!40101 SET CHARACTER_SET_RESULTS=@OLD_CHARACTER_SET_RESULTS */;
/*!40101 SET COLLATION_CONNECTION=@OLD_COLLATION_CONNECTION */;
/*!40111 SET SQL_NOTES=@OLD_SQL_NOTES */;

-- Dump completed on 2019-06-14 17:50:57
